Date,Brazil_Portfolio_Debt_Share_%,Brazil_Total_IIP_Liabilities,Brazil_Total_Liabilities_Growth_YoY_%,Chile_Portfolio_Debt_Share_%,Chile_Total_IIP_Liabilities,Chile_Total_Liabilities_Growth_YoY_%,China_Portfolio_Debt_Share_%,China_Total_IIP_Liabilities,China_Total_Liabilities_Growth_YoY_%,Colombia_Portfolio_Debt_Share_%,Colombia_Total_IIP_Liabilities,Colombia_Total_Liabilities_Growth_YoY_%,Czech Republic_Portfolio_Debt_Share_%,Czech Republic_Total_IIP_Liabilities,Czech Republic_Total_Liabilities_Growth_YoY_%,Greece_Portfolio_Debt_Share_%,Greece_Total_IIP_Liabilities,Greece_Total_Liabilities_Growth_YoY_%,Hungary_Portfolio_Debt_Share_%,Hungary_Total_IIP_Liabilities,Hungary_Total_Liabilities_Growth_YoY_%,India_Portfolio_Debt_Share_%,India_Total_IIP_Liabilities,India_Total_Liabilities_Growth_YoY_%,Indonesia_Portfolio_Debt_Share_%,Indonesia_Total_IIP_Liabilities,Indonesia_Total_Liabilities_Growth_YoY_%,Kuwait_Portfolio_Debt_Share_%,Kuwait_Total_IIP_Liabilities,Kuwait_Total_Liabilities_Growth_YoY_%,Malaysia_Portfolio_Debt_Share_%,Malaysia_Total_IIP_Liabilities,Malaysia_Total_Liabilities_Growth_YoY_%,Mexico_Portfolio_Debt_Share_%,Mexico_Total_IIP_Liabilities,Mexico_Total_Liabilities_Growth_YoY_%,Peru_Portfolio_Debt_Share_%,Peru_Total_IIP_Liabilities,Peru_Total_Liabilities_Growth_YoY_%,Philippines_Portfolio_Debt_Share_%,Philippines_Total_IIP_Liabilities,Philippines_Total_Liabilities_Growth_YoY_%,Poland_Portfolio_Debt_Share_%,Poland_Total_IIP_Liabilities,Poland_Total_Liabilities_Growth_YoY_%,Saudi Arabia_Portfolio_Debt_Share_%,Saudi Arabia_Total_IIP_Liabilities,Saudi Arabia_Total_Liabilities_Growth_YoY_%,South Africa_Portfolio_Debt_Share_%,South Africa_Total_IIP_Liabilities,South Africa_Total_Liabilities_Growth_YoY_%,South Korea_Portfolio_Debt_Share_%,South Korea_Total_IIP_Liabilities,South Korea_Total_Liabilities_Growth_YoY_%,Thailand_Portfolio_Debt_Share_%,Thailand_Total_IIP_Liabilities,Thailand_Total_Liabilities_Growth_YoY_%,Turkey_Portfolio_Debt_Share_%,Turkey_Total_IIP_Liabilities,Turkey_Total_Liabilities_Growth_YoY_%,United States_Portfolio_Debt_Share_%,United States_Total_IIP_Liabilities,United States_Total_Liabilities_Growth_YoY_%
1991-03-31 23:59:59.999999999,,,,,,,,,,,,,,,,,,,,,,,,,,,,,,,,,,,,,,24513000000.0,,,,,,,,,,,,,,,,,,,,,,,,,
1991-06-30 23:59:59.999999999,,,,,,,,,,,,,,,,,,,,,,,,,,,,,,,,,,,,,,24991000000.0,,,,,,,,,,,,,,,,,,,,,,,,,
1991-09-30 23:59:59.999999999,,,,,,,,,,,,,,,,,,,,,,,,,,,,,,,,,,,,,,25077000000.0,,,,,,,,,,,,,,,,,,,,,,,,,
1991-12-31 23:59:59.999999999,,,,,,,,,,,,,,,,,,,,,,,,,,,,,,,,,,,,,,26815000000.0,,,,,,,,,,,,,,,,,,,,,,,,,
1992-03-31 23:59:59.999999999,,,,,,,,,,,,,,,,,,,,,,,,,,,,,,,,,,,,,,27177000000.0,10.867702851548167,,,,,,,,,,,,,,,,,,,,,,,,
1992-06-30 23:59:59.999999999,,,,,,,,,,,,,,,,,,,,,,,,,,,,,,,,,,,,,,27481000000.0,9.963586891280851,,,,,,,,,,,,,,,,,,,,,,,,
1992-09-30 23:59:59.999999999,,,,,,,,,,,,,,,,,,,,,,,,,,,,,,,,,,,,,,27945000000.0,11.436774733819831,,,,,,,,,,,,,,,,,,,,,,,,
1992-12-31 23:59:59.999999999,,,,,,,,,,,,,,,,,,,,,,,,,,,,,,,,,,,,,,28143000000.0,4.952451985828832,,,,,,,,,,,,,,,,,,,,,,,,
1993-03-31 23:59:59.999999999,,,,,,,,,,,,,,,,,,,,,,,,,,,,,,,,,,,,,,28516507936.479,4.928829291235237,,,,,,,,,,,,,,,,,,,,,,,,
1993-06-30 23:59:59.999999999,,,,,,,,,,,,,,,,,,,,,,,,,,,,,,,,,,,,,,28912007936.479,5.207262968883963,,,,,,,,,,,,,,,,,,,,,,,,
1993-09-30 23:59:59.999999999,,,,,,,,,,,,,,,,,,,,,,,,,,,,,,,,,,,,,0.021345879588627492,29307763936.479,4.876593080976921,,,,,,,,,,,,,,,,,,,,,,,,
1993-12-31 23:59:59.999999999,,,,,,,,,,,,,,,,,,,,,,,,,,,,,,,,,,,,,0.02100438007580846,29784263936.479,5.831872708947161,,,,,,,,,,,,,,,,,,,,,,,,
1994-03-31 23:59:59.999999999,,,,,,,,,,,,,,,,,,,,,,,,,,,,,,,,,,,,,0.08649641886162,30355013936.479,6.447163881690221,,,,,,,,,,,,,,,,,,,,,,,,
1994-06-30 23:59:59.999999999,,,,,,,,,,,,,,,,,,,,,,,,,,,,,,,,,,,,,0.20110322714509535,32946263936.479,13.953565621811691,,,,,,,,,,,,,,,,,,,,,,,,
1994-09-30 23:59:59.999999999,,,,,,,,,,,,,,,,,,,,,,,,,,,,,,,,,,,,,0.22820673843477282,33853513936.479,15.510395163044022,,,,,,,,,,,,,,,,,,,,,,,,
1994-12-31 23:59:59.999999999,,,,,,,,,,,,,,,,,,,,,,,,,,,,,,,,,,,,,0.24603500964470662,36277763936.479,21.801781013788712,,,,,,,,,,,,,17.597901594500236,111132000000.0,,,,,,,,,,
1995-03-31 23:59:59.999999999,,,,,,,,,,,,,,,,,,,37.8961844738841,39438803875.70999,,,,,,,,,,,,,,,,,0.2443300492158529,36530913936.479,20.34556799388629,,,,,,,,,,,,,18.69273765610492,118686200000.0,,,,,,,,,,
1995-06-30 23:59:59.999999999,,,,,,,,,,,,,,,,,,,40.040443615232746,40658820724.72982,,,,,,,,,,,,,,,,,0.2270034288007675,37997663936.479,15.33223921759137,,,,,,,,,,,,,19.87411117466784,129018600000.0,,,,,,,,,,
1995-09-30 23:59:59.999999999,,,,,,,,,,,,,,,,,,,39.740046497065485,40067775094.33962,,,,,,,,,,,,,,,,,0.23157162653127078,38975413936.479,15.129596323768535,,,,,,,,,,,,,19.422971192317764,141687900000.0,,,,,,,,,,
1995-12-31 23:59:59.999999999,,,,,,,,,,,,,,,,,,,37.73595180306566,42752227002.2227,,,,,,,,,,,,,,,,,0.2007717425850541,40471830823.2928,11.560985109659615,,,,,,,,,,,,,20.468867642356923,145435500000.0,30.86734693877551,,,,,,,,,
1996-03-31 23:59:59.999999999,,,,,,,,,,,,,,,,,,,37.78699224662736,41636909078.5169,5.573458083906813,,,,,,,,,,,,,,,,0.1893763209571474,40794962965.5556,11.67244005033945,,,,,,,,,,,,,21.098387762195735,153916500000.0,29.68356894061821,,,,,,,,,
1996-06-30 23:59:59.999999999,,,,,,,,,,,,,,,,,,,37.4089001708145,40602592616.7919,-0.13829252038222162,,,,,,,,,,,,,,,,0.21712905181243805,41867267065.9139,10.183792182339824,,,,,,,,,,,,,21.92922007784832,164704900000.0,27.659810290919285,,,,,,,,,
1996-09-30 23:59:59.999999999,,,,,,,,,,,,,,,,,,,35.546805024912366,40897234606.88349,2.070141181013674,,,,,,,,,,,,,,,,0.19810802314274922,43716553537.862,12.16443681421826,,,,,,,,,,,,,23.04177313720972,174461400000.0,23.13076840012449,,,,,,,,,
1996-12-31 23:59:59.999999999,,,,,,,,,,11.321660162482933,44187217779.0621,,,,,,,,32.99962998571107,40860966470.6239,-4.42377079327464,,,,,,,,,,,,,,,,0.16842676993854463,43613019490.193,7.7614197405973195,,,,,,,,,,,,,24.034477749993655,185197700000.0,27.340092343341205,,,,,,,,,
1997-03-31 23:59:59.999999999,,,,,,,,,,,,,,,,,,,30.76426109559441,39516538810.71266,-5.092525633460799,,,,,,,,,,,,,,,,12.730583363102863,38854904436.951,-4.755632528071308,,,,,,,,,,,,,24.36042955900701,191796700000.0,24.610876676639613,,,,,,,,,
1997-06-30 23:59:59.999999999,,,,,,,,,,11.552417026671456,51377257836.6784,,,,,,,,30.52942473410339,39509400973.4182,-2.6924183233599575,,,,,,,,,,,,,,,,11.407211166443739,39128371824.3949,-6.541853417867028,,,,,,,,,,,,,24.586602670405423,204845300000.0,24.371102499075615,,,,,,,,,
1997-09-30 23:59:59.999999999,,,,,,,,,,,,,,,,,,,27.760448098549457,40180273419.53289,-1.753079870172758,,,,,,,,,,,,,,,,11.26836435687486,39526641657.47,-9.584268523737126,,,,,,,,,,,,,26.867612356919018,203879300000.0,16.86212537558451,,,,,,,,,
1997-12-31 23:59:59.999999999,,,,,,,,,,11.431304255281397,56263712324.451,27.330289509902748,,,,,,,22.818151026257237,43377321375.92138,6.15833427999446,,,,,,,,,,,,,,,,11.049165908133949,40301738945.9405,-7.592412960531403,,,,,,,,,,,,,29.691491290232207,182037000000.0,-1.7066626637371796,,,,,,,,,
1998-03-31 23:59:59.999999999,,,,,,,,,,,,,,,,,,,23.0687267172243,44735600375.23452,13.207284143789956,,,,,,,,,,,,,,,,11.020084307751581,40326424697.8044,3.7872188393648143,,,,,,,,,,,,,28.36179700297276,184609600000.0,-3.7472490402598146,,,,,,,,,
1998-06-30 23:59:59.999999999,,,,,,,,,,13.015623138500947,54324172799.6847,5.735835439824677,,,,,,,24.139733176252513,45356138469.26201,14.798345081914754,,,,,,,,,,,,,,,,10.810312663286084,41025695908.5202,4.8489727419284145,,,,,,,,,,,,,29.453045745853444,182265700000.0,-11.02275717334008,,,,,,,,,
1998-09-30 23:59:59.999999999,,,,,,,,,,,,,,,,,,,23.774781463577607,45048578216.37427,12.116156468150718,,,,,,,,,,,,,,,,10.885154617633809,40734432865.2619,3.0556383167039014,,,,,,,,,,,,,27.906410594171337,179917800000.0,-11.752787065680526,,,,,,,,,
1998-12-31 23:59:59.999999999,,,,,,,,,,13.597305979248425,54408508094.4688,-3.2973370460945617,,,,,,,25.238525504742075,48447062046.29503,11.687537426383932,,,,,,,,,,,,,,,,11.110587597599446,41176994104.1505,2.1717553165237824,,,,,,,,,,,,,24.535659462539634,191459700000.0,5.176255376654204,,,,,,,,,
1999-03-31 23:59:59.999999999,,,,,,,,,,,,,,,,,,,24.366256386467015,47057514728.16024,5.190305558548225,,,,,,,,,,,,,,,,11.196401143340001,40874794868.5481,1.359828387597073,,,,,,,,,,,,,23.42181899412031,195180400000.0,5.726029415588352,,,,,,,,,
1999-06-30 23:59:59.999999999,,,,,,,,,,15.64027400840292,51642278780.4853,-4.936833606447422,,,,,,,25.09458002017438,49561453514.82891,9.271766044229835,,,,,,,,,,,,,,,,11.19378473116253,40803947098.2898,-0.5405120018557641,,,,,,,,,,,,,20.628856063240246,216558300000.0,18.814620633503722,,,,,,,,,
1999-09-30 23:59:59.999999999,,,,,,,,,,,,,,,,,,,24.33129515192661,52130660920.73095,15.72099050571698,,,,,,,,,,,,,,,,11.171903158804037,40870440202.4981,0.3338878871496087,,,,,,,,,,,,,20.577424375536285,214788300000.0,19.381350816873045,,,,,,,,,
1999-12-31 23:59:59.999999999,,,,,,,,,,15.379383288794182,50895481497.537,-6.4567596502226765,,,,,,,23.36153123356737,55284806747.9764,14.113848008259744,,,,,,,,,,,,,,,,10.073858205601297,41236167069.4376,0.14370394579417134,,,,,,,,,,,,,18.23659486071927,242621500000.0,26.72196812175094,,,,,,,,,
2000-03-31 23:59:59.999999999,,,,,,,,,,17.098048365926303,49956385148.7317,,,,,,,,22.129272566904255,56814382084.90405,20.733919785409082,,,,,,,,,,,,,,,,9.970934708506237,41646777572.9935,1.8886521802202738,,,,,,,,,,,,,17.616028817369003,260620600000.0,33.52805916987567,,,,,,,,,
2000-06-30 23:59:59.999999999,,,,,,,,,,18.358826186214415,47452725272.5935,-8.112642599874887,,,,,,,21.896611848482962,54849720266.83006,10.670120379780412,,,,,,,,,,,,,,,,10.070488325092724,41122434844.4083,0.7805317102076437,,,,,,,,,,,,,16.813654735779952,263615500000.0,21.729575823230963,,,,,,,,,
2000-09-30 23:59:59.999999999,,,,,,,,,,18.420947833010608,47624699992.1619,,,,,,,,22.132027018644422,51371567796.61017,-1.4561356229015554,,,,,,,,,,,,,,,,9.978663555334894,41448616611.4776,1.41465667145948,,,,,,,,,,,,,17.636897099895478,238032800000.0,10.82205129422784,,,,,,,,,
2000-12-31 23:59:59.999999999,,,,,,,,,,19.33572344800222,47706106994.0716,-6.266517988673992,,,,,,,22.27969131116335,54331215186.31686,-1.724870932454603,,,,,,,,,,,,,,,,9.938106825745454,41320596286.627,0.20474555030109975,,,,,,,,,,,,,18.34003810747301,217332700000.0,-10.423148814099326,,,,,,,,,
2001-03-31 23:59:59.999999999,,,,,,,,,,20.234583869205366,48674459029.8699,-2.5660906309477816,,,,,,,22.511845567693584,52116914363.08993,-8.268096121848467,,,,,,,,,,,,,,,,10.052119853266198,40772345135.4223,-2.099640088692567,,,,,,,,,,,,,17.94010953298653,211242300000.0,-18.94643017474443,,,,,,,,,
2001-06-30 23:59:59.999999999,,,,,,,,,,22.325961702043696,52113450725.8129,9.82182883374081,,,,,,,23.963807524782798,55317598037.50652,0.853017605924622,,,,,,,,,,,,,,,,9.89400484032216,41287477274.6421,0.4013440129658097,,,,,,,,,,,,,17.048176572715448,219046300000.0,-16.906896597506595,,,,,,,,,
2001-09-30 23:59:59.999999999,,,,,,,,,,22.894748175066425,52231943972.9863,9.674064049920862,,,,,,,24.012365552434485,56330980127.26723,9.6540022883715,,,,,,,,,,,,,,,,9.856892739345376,41361766915.9172,-0.20953581243614572,,,,,,,,,,,,,17.29201874645488,205564200000.0,-13.640389055625946,,,,,,,,,
2001-12-31 23:59:59.999999999,30.932623185594466,370712347995.902,,,,,,,,23.115762493216966,54849200476.27,14.973121749561468,,,,,,,21.725317365858096,60198767516.0377,10.799597081713275,,,,,,,,,,,,,,,,9.672478214378724,41456128523.9096,0.3280016492077209,,,,,,,,,,,,,15.495929363945017,234803600000.0,8.038781094607494,,,,,,,,,
2002-03-31 23:59:59.999999999,30.280840658308467,379878581004.256,,,,,,,,21.73788126550032,55111096289.3341,13.223849607684901,,,,,,,21.471693671159624,61162135539.79511,17.35563451375617,,,,,,,,,,,,,,,,9.729821404147446,42010857741.2228,3.037629063736391,,,,,,,,,,,,,14.35535588361008,259225200000.0,22.714626757993074,,,,,,,,,
2002-06-30 23:59:59.999999999,31.590768844024105,363238468326.442,,,,,,,,20.877211967435354,55293687039.8437,6.102524913890539,,,,,,,20.966503534831055,68098235651.74287,23.10410803732077,,,,,,,,,,,,,,,,9.551237756802871,42691560323.3432,3.4007479782821814,,,,,,,,,,,,,13.790379316243643,264810700000.0,20.892569287862894,,,,,,,,,
2002-09-30 23:59:59.999999999,33.21562992421128,324493693132.208,,,,,,,,20.939429655214738,55299246671.892,5.872465134539251,,,,,,,21.80975899974904,69516512370.6339,23.407248042865426,,,,,,,,,,,,,,,,9.542980843550037,42558964790.2091,2.8944553474362866,,,,,,,,,,,,,15.000130887444222,255945100000.0,24.508596341191712,,,,,,,,,
2002-12-31 23:59:59.999999999,31.54446674373191,341688403054.876,-7.829236090443592,,,,,,,21.52368883652626,55755489922.3362,1.6523293652353166,,,,,,,22.260057857232685,78023760437.01813,29.610229007149734,,,,,,,,,,,,,,,,10.49144901850012,43410541757.5004,4.714413292267761,,,,,,,,,,,,,15.408167919780446,263078000000.0,12.041723380731817,,,,,,,,,
2003-03-31 23:59:59.999999999,30.818466366157267,354181855185.029,-6.764457672579094,,,,,,,21.095132617690172,57260161922.755,3.8995153029405705,,,,,,,22.99496333535472,82705131706.45319,35.22276646576725,,,,,,,,,,,,,,,,11.84691269008216,44527819147.0007,5.991216416674483,,,,,,,,,,,,,16.66330450611582,251822200000.0,-2.855818030037205,,,,,,,,,
2003-06-30 23:59:59.999999999,29.820709850689347,380822452355.187,4.840892571142086,,,,,,,20.41371030744705,57823413456.2714,4.57507276482545,,,,,,,21.987852337499376,84163862563.30157,23.591840167077116,,,,,,,,,,,,,,,,11.732009577867004,44871015678.9691,5.105119932649083,,,,,,,,,,,,,16.18362673663539,281802100000.0,6.416432568623542,,,,,,,,,
2003-09-30 23:59:59.999999999,28.980108826350254,387640900853.411,19.460226518324042,,,,,,,20.20524096863874,58920558415.1168,6.548573373361122,,,,,,,22.606326625737534,94052470329.46432,35.295150924739495,,,,,,,,,,,,,,,,11.815615891397226,44306178410.5086,4.105395018211189,,,,,,,,,,,,,15.465802996091227,299249900000.0,16.919565953792425,,,,,,,,,
2003-12-31 23:59:59.999999999,27.82179512087496,403647048373.377,18.133084051011927,10.105303262972171,99216756439.0968,,,,,21.23018139313027,59096419649.4325,5.992108995454992,,,,46.54045318521779,252953315326.5299,,19.836840732135908,109878662947.2874,40.82718178648028,,,,,,,,,,,,,,,,12.361322802450664,46308133430.5743,6.674857202336715,,,,,,,,,,,,,15.200202792809673,317565500000.0,20.711538022943763,,,,,,,,,
2004-03-31 23:59:59.999999999,27.918307748407617,405164854109.69,14.394582381422927,,,,,,,20.9295094645455,60562288013.7036,5.766882209315494,4.233724375940872,79983394765.25558,,49.42108752727652,262567819715.3809,,19.204795858516558,120066291243.2654,45.173931491239074,,,,,,,,,,,,,,,,12.062547545100411,47111125041.336,5.801554946598597,,,,19.054296750067657,162588000000.0,,,,,,,,14.629857871794993,355291900000.0,41.088394907200396,,,,,,,,,
2004-06-30 23:59:59.999999999,27.73527437232584,382056993042.319,0.3241774951810106,,,,,,,20.65914105093644,60800457293.2941,5.148509330522444,6.094036255580465,86619534029.61093,,48.78007211226129,274279486902.1315,,18.62678069122593,122161875722.1738,45.14765839114507,,,,,,,,,,,,,,,,13.018558647633949,47400038853.4899,5.63620666092064,,,,19.47723051007811,173346000000.0,,,,,,,,14.965714243967298,342197500000.0,21.431848804533395,,,,,,,,,
2004-09-30 23:59:59.999999999,26.33117999546072,408832959778.324,5.46693057369787,,,,,,,20.85804451535738,62989426150.9835,6.9056842727118095,6.121277056435454,91057580746.31546,,50.61456557566994,282502999825.673,,19.567864836994787,132187912172.9304,40.546985857870844,,,,,,,,,,,,,,,,13.076914311026638,46916395651.301,5.891316593834928,,,,19.98365523441118,183545000000.0,,,,,,,,14.57940331863458,349553400000.0,16.80986359561023,,,,,,,,,
2004-12-31 23:59:59.999999999,24.138600280552108,442867863155.547,9.716611316798328,10.491393384193787,109785928886.936,10.652608316546797,,,,21.413458700718145,65525049316.5069,10.878204982991946,7.065794922964461,108935524256.651,,49.668790285280565,322274621106.359,27.40478245574456,20.051684191970264,156623318411.0489,42.54206795926023,,,,,,,,,,,,,,,,14.509830316837943,48482730008.0785,4.695927942689337,,,,20.091200209741757,213596000000.0,,,,,,,,13.883914311327267,388196000000.0,22.24123842167993,,,,,,,,,
2005-03-31 23:59:59.999999999,24.230966049709718,453306446558.943,11.881976425383534,,,,,,,21.709755916344992,66261715220.069,9.410851857307279,7.973971028844199,109115844155.8442,36.42312191935571,47.87472258585314,327000685840.549,24.53951371307126,21.263623657813493,156800971991.5204,30.595332268427565,,,,,,,,,,,,,,,,14.759750556909362,49749735463.5541,5.60082235332513,,,,22.02114902431048,210979000000.0,29.7629591359756,,,,,,,12.83447323235946,414027900000.0,16.531758815779373,,,,,,,,,
2005-06-30 23:59:59.999999999,23.537745491321065,466734428274.057,22.163561137162247,,,,,,,20.39169561384431,66399859796.8518,9.209474324423006,8.143115174294392,110211306168.4651,27.236087567487168,49.185681836653764,325521912112.0,18.682558359952317,21.007454627202243,154106881923.756,26.149734532754753,,,,,,,,,,,,,,,,14.696241529337506,49557615412.1031,4.551845548654754,,,,24.821928385290995,207220000000.0,19.541264292224803,,,,,,,12.777162102847683,426722300000.0,24.700589571811605,,,,,,,,,
2005-09-30 23:59:59.999999999,21.39779430845003,511516867932.489,25.11634781350358,,,,,,,19.741429741808577,68693446414.6705,9.055520286872687,7.98173976648639,114888617190.3656,26.171392045262998,48.75297851569226,340927095042.0,20.680876044636463,20.65377146226249,161892810024.6868,22.471720268110417,,,,,,,,,,,,,,,,16.26482310987435,48991414190.6977,4.422800410370309,,,,24.17775488333801,217423000000.0,18.457598953934994,,,,,,,12.007260751791048,472237600000.0,35.09741287025101,,,,,,,,,
2005-12-31 23:59:59.999999999,22.10055640468899,481252370750.603,8.66725964750672,8.610873908114938,125133379349.146,13.979433082007887,,,,17.95060281706473,76993595581.308,17.502537402763885,7.703853805805169,114722466243.6961,5.312263402167261,48.36970968684206,339366387069.0,5.303478723818045,20.34183386529354,160936443257.2245,2.7538203697460073,,,,,,,,,,,,,,,,16.802906083686093,51250419506.3246,5.7086090197167705,,,,23.349596380732724,225460000000.0,5.554411131294601,,,,,,,11.909375101920688,512040300000.0,31.902518315490113,,,,,,,33.084892104866384,15214866000000.0,
2006-03-31 23:59:59.999999999,21.662431097337397,531630047978.337,17.278289778129064,,,,,,,17.23743731621362,77838282322.6478,17.470974097381276,7.808716199211433,121105702070.0165,10.988191501362387,46.3006909613573,372593727691.84,13.942797010989437,14.618195013835003,253678267013.896,61.783606180460815,3.9007901423970406,244426463400.964,,,,,,,,,,,,,,16.55218386574115,51840922785.4396,4.203413952658042,,,,24.39432195303198,236842000000.0,12.258566018418904,,,,,,,11.604143646560274,547257100000.0,32.17879761243143,,,,13.848704623022028,309408000000.0,,31.92728134302692,16122685000000.0,
2006-06-30 23:59:59.999999999,20.32730630158514,520971316415.013,11.62050297886086,8.164697836233254,131102668029.056,,,,,15.822161286079048,77485517505.4316,16.69530288542176,7.51815027354311,130665506625.6191,18.55907634910743,46.784145070772,391494729727.2,20.26678240710911,13.69524886434926,261950246164.83,69.9795900707596,4.664545011410162,259798702450.926,,,,,,,,,,,,,,15.304077501191033,56336987871.6525,13.679779390462187,,,,23.58644269123655,249194000000.0,20.255766817874733,,,,,,,11.955657846364662,562796300000.0,31.88818582951958,,,,12.778061943484662,287391000000.0,,32.5157812148736,16485106000000.0,
2006-09-30 23:59:59.999999999,19.857694049449176,533147445069.931,4.2287123834001905,,,,,,,17.444775204753828,82750676342.329,20.46371329631871,7.501540668259812,132859709497.2067,15.642186968848048,46.149010572887846,411413557177.2,20.674937005671712,13.995228772127813,272942914840.2197,68.59483432191895,4.821267728707638,264248018713.9593,,,,,,,,,,,,,,15.316205253711978,55962727997.7654,14.229664365131534,,,,22.781299677807386,258541000000.0,18.911522699990346,,,,,,,11.984858699879258,588853000000.0,24.69422172228557,,,,13.301436019625173,312252000000.0,,33.22840180616009,17281746000000.0,
2006-12-31 23:59:59.999999999,18.681782407649937,603413928628.428,25.38409477075223,8.40485651836598,135723097787.113,8.462744707325198,,,,17.405838311739576,87296959964.7005,13.382105752564556,7.9084951167289415,149244922398.927,30.092149589861062,44.023653845897506,444611495550.0,31.01223706624827,14.323474105292021,308419690050.7619,91.64067740568565,4.691191226048573,291324332692.9597,,,,,,,,,,,,,,15.076429414376111,58424687436.0345,13.998456985946328,,,,21.248617005607336,291939000000.0,29.485939856293797,,,,,,,12.275172899199225,619175800000.0,20.923255454697596,,,,14.19262176665797,356481000000.0,,33.21725793652558,18218331000000.0,19.74033159411328
2007-03-31 23:59:59.999999999,18.661089519365646,647111331762.525,21.72211375623632,,,,,,,16.13275359153349,92364356133.5886,18.661863259942834,7.913990620871416,154206297864.2439,27.331987865518094,43.6753918531965,481004032582.308,29.096116448887344,15.109536879853597,321796952389.6524,26.85239306370104,5.223023531056384,309733987842.6425,26.71867993873733,,,,,,,,,,,,,13.63128150857093,63231815412.5425,21.97278137630341,,,,20.578131709411718,307404000000.0,29.792857685714537,,,,,,,12.66255337593619,650363300000.0,18.840541310473636,,,,14.200157645684778,381869000000.0,23.419239321543085,33.87497118381857,18960701000000.0,17.602626361552055
2007-06-30 23:59:59.999999999,17.744302002755052,755683117929.122,45.052730182775406,7.455575043017358,155012090088.814,18.23717428424798,,,,17.022117448031544,97123880806.7021,25.34455977517849,7.9178507329285015,163366685483.1122,25.026634574025763,43.12765616155279,506757496005.16,29.44171594807341,13.811795011481479,362678692067.309,38.453274000397975,5.3361389343703065,349330128818.5499,34.46184508351644,,,,,,,,,,,,,12.754412645123105,70328688036.2561,24.83572639076772,,,,19.42499758173728,330816000000.0,32.75440018620031,,,,,,,13.154392574091963,719254800000.0,27.800200534367402,,,,13.658891780265952,418870000000.0,45.74917099004492,32.82429306071819,20262313000000.0,22.912846298956158
2007-09-30 23:59:59.999999999,14.714489787865032,825395614589.78,54.8156372542526,,,,,,,16.64189114166745,100668673610.173,21.652991926881104,7.542988549984485,182543806491.3722,37.395909702188604,42.781260606375945,566740600238.098,37.75447851709881,13.96320398789172,378700662840.4038,38.74720399395402,5.31735369215642,381307718635.9633,44.29917790555611,,,,,,,,,,,,,12.158372895420651,74502143492.2206,33.128148247518375,,,,18.101278875013584,358831000000.0,38.79075272393933,,,,,,,14.43153436288184,765973300000.0,30.078865183670622,,,,12.515867952856876,465561000000.0,49.09784404903732,32.56686471864892,20913533000000.0,21.015162472588123
2007-12-31 23:59:59.999999999,13.350576865114705,889833309797.691,47.466484875531464,6.4689158883807965,165207592501.736,21.724006595303756,,,,16.028600523867436,104716070916.732,19.95385745285414,7.8398621492328475,207313917468.7465,38.908523074977985,41.3666891576983,615257208592.9962,38.38085941343048,13.059879338789143,418320618240.0382,35.63356417717301,5.095513965960857,410545858175.8214,40.923984749504186,,,,,,,,,,,,,12.31727642458132,78779376623.622,34.8391922676053,,,,17.60631632533187,408592000000.0,39.95800492568653,,,,,,,17.524439788533844,779415500000.0,25.87951596299467,,,,11.449604129551698,492838000000.0,38.25084646867576,32.274946738527426,21983996000000.0,20.66964860831653
2008-03-31 23:59:59.999999999,14.5688854016444,893157189501.14,38.022183457746685,5.375818104527893,184750214838.013,,,,,15.762678204196437,108619943969.112,17.599416610464537,7.597631359993261,237016974538.1927,53.70122869226228,44.097681535717186,643079749580.3792,33.695292766664544,12.877833275487607,455027571794.9622,41.40207618995273,4.917906665182203,436640405151.932,40.97271280856756,,,,,,,,,,,,,11.713097549906237,87938014083.6465,39.072417120896596,,,,16.29737716312271,463277000000.0,50.70623674382897,,,,,,,18.814054710383235,766424900000.0,17.84565642003477,,,,12.093674575344961,439180000000.0,15.008026312688383,30.997594006337764,23736139000000.0,25.18597809226568
2008-06-30 23:59:59.999999999,13.422902881758652,1005290788796.48,33.03073271656303,5.676528332374037,176267143408.703,13.711868092166846,,,,14.652512434155799,110525009959.909,13.797975371142845,8.294889941557992,262190736953.2229,60.492168998756156,42.35914826989608,658234663793.168,29.891450838344504,13.19055244317501,474925434312.0733,30.949362259179146,4.657450964720842,438514786961.5832,25.530193586410576,,,,,,,,,,,,,10.873456740688626,87729972950.0888,24.742797569125607,,,,15.970642201834861,490500000000.0,48.269733023795716,,,,,,,20.35843976996801,758972700000.0,5.522090363526244,,,,11.924060461857799,461051000000.0,10.070188841406647,32.204637400140015,22848492000000.0,12.7634934866518
2008-09-30 23:59:59.999999999,16.50279840006575,811295351782.814,-1.7083035768216237,6.234945205433157,178701167757.325,,,,,13.825582267910663,112789632389.954,12.040447484902717,8.75249784771409,235140098579.2983,28.812969937937627,45.3487852128848,600309994241.37,5.923237895638467,12.284099120610302,474467266678.1531,25.28820602516566,5.059397742133792,434993715366.9586,14.079441382158242,,,,,,,,,,,,,10.721332661504423,84349213607.5137,13.217163498552665,,,,15.772047802490347,447006000000.0,24.57284905707702,,,,,,,20.39591662873346,697717600000.0,-8.91097640087455,,,,11.579821572287196,467192000000.0,0.3503300319399605,32.873172003425005,21741288000000.0,3.9579873950517985
2008-12-31 23:59:59.999999999,17.312498232784364,664757521927.93,-25.294151768822104,6.14753899046069,165668171924.793,0.27878829058789467,,,,12.992177359840557,116041586714.964,10.815451438430902,7.894028818302451,214984647989.2484,3.700055748383768,45.659533299381685,584638846283.6411,-4.976514193043724,10.527825559411927,475205722035.5872,13.59844609975871,5.311582752239592,425059736471.9472,3.5352636026132034,,,,,,,,,,,,,10.358898972837919,78498029582.888,-0.3571328598830692,,,,15.881887376205823,389154000000.0,-4.757312918510392,,,,,,,21.14402773296048,603065800000.0,-22.625890811768567,,,,11.70035635212413,389783000000.0,-20.910522321736558,31.357139190966816,23418718000000.0,6.52621115833536
2009-03-31 23:59:59.999999999,16.26073428813305,687923884340.448,-22.97840823241003,6.664083139744985,173055934189.975,-6.329779187694806,,,,13.114553552365283,118562818954.484,9.153820764443976,7.595235307031831,202220909311.9378,-14.680832583426584,46.27752103418732,565841725632.9565,-12.01064471363338,9.284847934010882,453926990017.2361,-0.24187144822557238,4.888272754261206,410952995009.2884,-5.882966816528468,,,,,,,,,,16.36243830566367,556976918611.234,,10.919208954871076,77880472908.7477,-11.437080174828695,,,,16.377444997384572,349847000000.0,-24.484271828733128,,,,,,,21.1686506840144,577305100000.0,-24.675581390949063,,,,11.075821206859247,360506000000.0,-17.913839428024957,33.009380114245054,22004103000000.0,-7.2970418651491675
2009-06-30 23:59:59.999999999,14.801230322736558,829335457201.667,-17.502928859565525,6.0276460597338835,181635894668.697,3.04580374774992,,,,13.519103378753616,121401661568.636,9.840896293673552,8.682507477431296,228113003603.0134,-12.99730636795504,45.97711544463851,645784180083.0585,-1.8914962087170917,9.496868854693284,467580701447.8414,-1.546502320910803,4.535572302141499,447130633474.2732,1.964779015181728,,,,,,,,,,16.57523569226997,563882486684.392,,9.935311475140368,80650681056.2416,-8.069410779226793,,,,16.38034216329919,392678000000.0,-19.943323139653412,,,,,,,22.07292835659373,619479200000.0,-18.379251322214884,,,,10.421506406418393,417550000000.0,-9.435181791168434,34.92758120750388,21132222000000.0,-7.511524174111795
2009-09-30 23:59:59.999999999,14.24834418645976,961213013409.239,18.478801992022078,6.370578322054808,189938498822.178,6.288336671707273,,,,14.643315525320963,127785403239.009,13.295345087400667,8.678114317928102,245457503783.9097,4.387769362583627,46.46796115967107,705563908374.2421,17.533260339249335,10.037571189184087,495459202817.6341,4.424317042237713,4.315381473406197,484792682892.729,11.448203908822041,,,,,,,,,,16.60739226897227,600595246212.432,,10.805616880538665,85642068011.5028,1.5327403169458131,,,,17.181327281442456,440193000000.0,-1.5241406155622084,,,,,,,21.147890265080097,712094200000.0,2.060518467643635,,,,9.947219819353027,455474000000.0,-2.50817650987174,33.75903613382249,22403110000000.0,3.044079081239337
2009-12-31 23:59:59.999999999,14.13069102823156,1034918208332.37,55.683564938219845,6.430498167531444,205868340087.256,24.265474590202118,,,,15.201805675023955,131298398096.956,13.147710070069696,10.157182365642084,237900969076.6551,10.659515133635367,46.38895463400125,680252426228.8628,16.354298136876476,9.349745202050217,496846628387.0272,4.554007948123862,4.64599741228281,511533918437.153,20.344006864294673,,,,,,,,,,16.61844653326665,646970313901.511,,10.143963514556658,89312279087.8366,13.776459819962184,,,,17.818292107568915,445110000000.0,14.378883424042922,,,,,,,21.244870347663333,727217900000.0,20.58682485393799,,,,9.450048392300248,464950000000.0,19.28431973687923,34.21385652589985,22054085000000.0,-5.8271037722901875
2010-03-31 23:59:59.999999999,14.146604834503767,1054941187982.77,53.35144076211318,6.350260138261087,211127251029.455,21.999428692047363,,,,14.673944128397135,133038100594.425,12.208955360194352,10.336600243500378,232197477210.0912,14.823673773473512,44.44571282476464,646017228550.368,14.169245441863865,9.844575029689542,490254104863.7309,8.002854125311076,5.187303675546175,550103177040.596,33.860364499390606,,,,,,,,,,17.367256363696185,696683397620.465,25.08299255157198,9.568163455254489,92479603118.0527,18.74555927056423,,,,18.816560371851693,462550000000.0,32.21493967362876,,,,,,,21.26295686324779,753587100000.0,30.535326987410993,,,,9.469263871276219,481030000000.0,33.43189849822195,34.06870533534938,22522705000000.0,2.356842267099002
2010-06-30 23:59:59.999999999,15.579028603009034,1043938899051.88,25.87655453371367,6.80282537218144,214066419884.779,17.854689611453246,,,,14.902601618070484,137483841750.017,13.247084079066518,11.270315151006146,217138062729.7465,-4.811185991118094,35.91196552441411,593933781638.8701,-8.029059869122147,9.183887801384829,446317385478.9638,-4.5475178729654,5.108750594048573,558749954717.987,24.96346993191112,,,,,,,,,,18.100877187826796,690619287529.217,22.475746957496902,9.51494385976419,95553135832.7568,18.477779209481216,,,,18.500840224439614,421316000000.0,7.292998334513268,,,,,,,21.7711554050023,730815600000.0,17.97258083887239,,,,10.268690828045012,476049000000.0,14.010058675607716,34.25038159208403,22978071000000.0,8.73476059450824
2010-09-30 23:59:59.999999999,15.347169796707488,1188671418095.89,23.663683440978332,7.508044363478095,246745401558.795,29.90805081059427,,,,14.83882916954247,147437946978.636,15.379333821773834,12.400532231812662,255506907073.509,4.0941519956327665,34.09380276018629,657921150004.2548,-6.752436994653765,9.65446005304208,476027968140.8853,-3.921863710724316,5.466817061950627,608346872041.6562,25.4859847330382,,,,,,,,,,18.940297929172516,737458310311.391,22.787903327917824,9.940902271511428,106342068854.393,24.170365479859647,,,,19.672786025475464,505663000000.0,14.873021606431713,,,,,,,21.667390125547264,795023300000.0,11.645804726397158,,,,10.127505469909211,556682000000.0,22.220368231776135,33.81943200754174,24713638000000.0,10.31342523426435
2010-12-31 23:59:59.999999999,13.79284780650665,1485388132257.35,43.52710391006176,8.088130625232537,256253307851.745,24.474364413262208,0.6724510095089649,2640566935490.44,,14.502079835071738,152465010865.442,16.12099848534003,12.480052980314365,248511759372.8334,4.460171111265776,31.96417225180425,615336765959.5746,-9.542878167912349,9.538018806068637,449024427759.9123,-9.625143433571415,5.226800317693192,631575186321.5063,23.46692243812598,,,,,,,,,,18.587249072201985,803338695539.375,24.169328681388013,11.188787136566432,114483093535.976,28.18292703446128,,,,18.60665421700522,524780000000.0,17.89894632787401,,,,,,,20.826650562272377,826441100000.0,13.644218603529978,,,,10.074522746944355,562647000000.0,21.01236692117432,34.28181060007572,24279619000000.0,10.091255202834315
2011-03-31 23:59:59.999999999,13.496770555978276,1581687535234.4,49.93134719280987,8.618251591543702,260910486017.283,23.579729639392966,0.802269470202904,2813845963829.26,,15.243754031294662,159769670505.907,20.0931686426995,12.204174690334069,266382482343.4063,14.722384387658405,30.21679214274739,659943362478.5453,2.1556907947218207,10.907065967370313,483213601718.2324,-1.4360926457628431,5.332052417859938,648961461249.897,17.97086225553748,,,,,,,,,,19.6950468796516,836745187573.416,20.10408033711364,11.1071349041818,116323954213.869,25.78336226787039,,,,18.695107086282835,575097000000.0,24.33185601556589,,,,,,,20.423387626839425,871012700000.0,15.582220024732374,,,,11.722214634095739,578389000000.0,20.239693989979845,33.97625347825329,24788304000000.0,10.059178060539352
2011-06-30 23:59:59.999999999,13.877814193526234,1628653661821.58,56.01043924129527,8.512938557701728,270217196778.66,26.230539532591845,0.9453740367095164,3004023284464.95,,15.441861470186256,164789291415.672,19.86084278565894,12.58687253720444,276886969427.1297,27.51655142642939,25.91914462522637,665032802557.2124,11.970866638054378,11.813156045831215,476532089471.5279,6.769779752168814,7.286814468983336,687330940353.1014,23.012258801884265,,,,,,,,,,20.671377761498064,859923638048.632,24.51485986224391,11.393306464183517,114428736335.799,19.754035635292453,,,,18.769202480651252,598230000000.0,41.990809748502315,,,,,,,20.72290855474913,900681000000.0,23.243264101094717,,,,12.345333234818558,581977000000.0,22.251490917951735,34.092524532629724,25233740000000.0,9.816616024904778
2011-09-30 23:59:59.999999999,14.900911195453832,1408751312516.93,18.514779700312967,9.118349421446501,261798954845.561,6.100844510846537,1.093132196845483,3101162441431.96,,15.684411127755387,171332626759.051,16.206600993892973,12.679385511000232,257285963668.1032,0.6962851278546456,23.989211326032514,614820414041.4854,-6.551048854789165,11.755016868544896,433581633976.2894,-8.916773174141202,7.835171814422753,672940568009.8088,10.617905497133817,,,,,,,,,,23.254305642816693,771835571975.267,4.661587127462186,11.4516022230607,117009227254.833,10.030986339983471,,,,20.09535950264526,522444000000.0,3.3186133848037036,,,,,,,23.160609168235265,817928400000.0,2.881060215467901,,,,12.376178945764261,531513000000.0,-4.5212527080092375,33.46381490311895,26435151000000.0,6.965842099006214
2011-12-31 23:59:59.999999999,15.22728669481813,1470929063980.05,-0.9734202100650013,9.28037900071167,280243544985.167,9.361922909226017,1.1511378382913542,3220300799186.58,21.954901271550774,15.743697866840876,178805867072.834,17.27665649834844,12.792893809385856,240625376128.3852,-3.1734446950723805,18.049786894665324,543766998872.4809,-11.6309915230704,9.91600815299789,432014228139.0851,-3.788257067814216,7.838329789964275,654948380361.4401,3.7007777610875703,,,,,,,,,,23.5482437854948,795376140183.549,-0.9911828472895734,11.537775252816022,120128840276.929,4.931511340736816,,,,20.107594354893504,500398000000.0,-4.646137429017871,,,,,,,22.98809043409242,838586400000.0,1.4695905128629283,,,,14.377751739118589,513766000000.0,-8.687685173830129,33.02301530385732,26664258000000.0,9.821566804652093
2012-03-31 23:59:59.999999999,14.919692686338545,1603159502834.25,1.3575353615382646,10.224316166277713,297176575182.413,13.89982047817262,1.315315264057178,3386144163570.9,20.338647072308834,15.657540611471832,185179684368.706,15.90415363713198,13.043615211989689,265689163652.0706,-0.2602718787048208,14.222297005857238,587732602073.878,-10.941963282040712,10.395057022994934,442728058806.8255,-8.378394723875038,8.065126985308956,696197401923.8259,7.278697348676566,,,,,,,,,,24.803629186252866,879253951585.755,5.08025198634432,11.999247977603025,137328006340.77,18.056514901723265,,,,21.42926968794013,552394000000.0,-3.9476818693194415,0.6597936632805979,146389200203.0189,,,,,22.637652345965705,892598300000.0,2.4782187446865,6.156288133002164,348241291567.252,,14.173950595957852,578900000000.0,0.0883488448085945,33.43582003679366,26822016000000.0,8.20432087649079
2012-06-30 23:59:59.999999999,16.214827876688354,1440259214455.45,-11.567496011117484,10.337496607997208,302626038337.295,11.99362658816332,1.57117959438413,3450039927618.17,14.847309788168307,15.664100422417594,189296586204.942,14.871897669279788,13.64454750338903,244442168852.2175,-11.717705835720427,11.324115224375225,592070856499.9532,-10.971180034534056,10.36991231528984,428863386928.0884,-10.003251322760631,7.859252649052208,674253313181.9833,-1.902668191308221,,,,,,,,,,25.258638385313382,883006496292.432,2.6842916303801756,12.396987245907539,140565469657.675,22.84105737668547,,,,21.862637118878474,518437000000.0,-13.338180967186531,0.6733284484843798,146694133532.7,,,,,23.181270588171028,878720600000.0,-2.4381995401257517,6.561046490374081,345516397755.985,,15.132905940028854,578078000000.0,-0.6699577474711171,33.75635415709732,26767319000000.0,6.077493863374994
2012-09-30 23:59:59.999999999,16.31555543391982,1483757797635.17,5.324324062863206,11.117804971293948,317887085529.787,21.424123223606138,1.7662387906471007,3468954201276.26,11.859803115456025,16.68276662746306,196583419179.013,14.737877366155594,13.792528395640074,258596241457.8588,0.5092690526428578,11.134182714865204,601605584490.4548,-2.1493804124302907,11.512268632046073,434614240372.4164,0.23815731922431915,7.564234960598452,729943083834.038,8.470661234291676,,,,,,,,,,26.6833831491833,944584164369.942,22.381527707071093,12.746975367009133,147292158418.09,25.88080604729075,,,,22.543546566608708,557277000000.0,6.667317454119481,0.9702271209200882,149463285664.3029,,,,,22.692333478452024,930732400000.0,13.791427220279907,7.279279568302191,379962299163.706,,16.90048736943126,611651000000.0,15.077335831861127,34.069278690367206,27313305000000.0,3.3219178509704683
2012-12-31 23:59:59.999999999,16.084043798315843,1533867887256.89,4.278848301939142,10.849953245477808,334527118157.459,19.370142200836483,2.086670512279074,3557250562715.32,10.463300931821351,16.469284264897784,200747269162.88,12.27107502077014,13.785887463500082,265202623983.2065,10.213905220747854,10.713710782133997,638363493198.3607,17.396512572853595,11.647951693507366,441870249186.9814,2.2814112142443665,7.675617945911764,740737177696.9347,13.098558589938225,,,,,,,,,,26.646194674314806,1002674556432.69,26.062941264657844,12.656814386307506,154294972329.186,28.441240232982313,,,,22.972158384508155,583946000000.0,16.696309737449,0.7353781046905696,152121291010.8843,,,,,22.528622960816268,953439100000.0,13.695988868886966,7.25568463814331,398030389362.956,,18.0688393937665,666014000000.0,29.633724302503484,34.83546302176641,27080174000000.0,1.5598258912736362
2013-03-31 23:59:59.999999999,15.710942955430529,1578747839630.12,-1.5227220473678416,11.238154467998719,346490704007.268,16.594218031681997,1.7269446526319872,3711061545204.61,9.595497590718761,16.84431440636798,207602617911.366,12.10874379611444,14.081072789978613,254648664806.6959,-4.1554193229471075,11.274464076070522,588337932095.4705,0.10299412002268138,11.557385185339482,432183450186.9355,-2.3817348844589303,7.985078454734658,774081911599.0277,11.187130181753169,,,,,,,,,,27.23833972350264,1066262723083.39,21.269028266561698,13.415536459920286,161058822208.573,17.28039057737183,17.87938750405439,184753297647.44,,23.169238131530207,564205000000.0,2.1381477713371178,0.9780993061173223,155997793249.6675,6.563730817111524,,,,22.872637515857154,938535400000.0,5.146447175622004,8.066221446382988,437837569403.563,25.728217763345906,17.83007252930639,685516000000.0,18.41699775436172,34.46123812599987,27767917000000.0,3.526584280614853
2013-06-30 23:59:59.999999999,16.54079160645125,1471906074351.5,2.1973030672826077,12.028427116683146,332062443729.934,9.726990299436956,1.784214801289433,3784757250202.89,9.701839097723175,16.660187138079248,213841561091.945,12.966411798060328,14.821424217950957,260484955395.3934,6.563019228026445,10.135041267763867,604039296758.6517,2.021454041742632,12.158655393902324,435234392560.4965,1.4855559664449514,7.335180534901391,747988731531.5505,10.935862962480659,,,,,,,,,,27.38033060795695,1021975299543.64,15.738140527245292,15.452674002551717,159249426958.872,13.291996495795777,18.71407465516399,175000739832.668,,22.479409539452995,556447000000.0,7.331652640532993,1.0714647890746454,157707593433.1624,7.507771193868074,,,,23.995175336552002,898301000000.0,2.2282850771906393,7.418538537629152,418142198949.857,21.019494781015503,18.744221168644266,660817000000.0,14.312774400686411,34.05859069336577,27470984000000.0,2.62882136234861
2013-09-30 23:59:59.999999999,17.091980760896078,1524165766257.3,2.7233534129716297,11.858137212818217,339079933415.584,6.666784795763947,1.8272382861729028,3993281433827.06,15.114850243854349,18.106632873907177,226109942084.619,15.019844007656879,14.69333664798041,270647055736.3283,4.660088719979849,10.140185097220693,624042139204.5797,3.7294458849028267,12.36584785884123,432345837866.8289,-0.5219346940044334,6.698333609603196,736985327035.6707,0.9647660697931659,,,,,,,,,,28.451891446362414,1037257404842.89,9.811009327555587,15.178519214422192,162092676200.478,10.048408510911088,18.7128212475907,176660093877.026,,21.634518122950833,598109000000.0,7.327056383091346,1.1682419313549761,161493946533.1291,8.049241534705232,,,,23.10204714990818,973109000000.0,4.553038016082822,7.487613240389831,413587846220.273,8.849706176264483,18.486569388924135,649412000000.0,6.173618615844667,33.90930813862783,27978365000000.0,2.4349305219562467
2013-12-31 23:59:59.999999999,16.78716819624455,1483653534414.66,-3.2737078114355334,12.50766119336827,341903510722.849,2.2050208084828604,2.114654550864997,4202137229289.41,18.12879512433996,17.930114270242967,231359114998.393,15.24894757630577,15.179418262150222,273047149894.4405,2.9579367629977593,9.95800684863137,639304784257.6018,0.1474537734802217,13.16822668228141,435147264102.2391,-1.5214839870102748,6.085777562026561,777581051401.3054,4.973946875317359,,,,,,,,,,28.18811555324397,1107287725540.17,10.433412161137511,14.880274319203302,163268937243.654,5.8161097403239825,18.66111408342909,172072114616.711,,21.508075585614726,621441000000.0,6.4209704321974925,1.318352490541207,160229884027.4115,5.330347226639698,,,,22.717971163574,1002079800000.0,5.10160533588353,7.63716364024907,390252844566.786,-1.9540077853396731,18.57245852097002,636647000000.0,-4.409366770067901,32.78729022975683,29513421000000.0,8.98534477658821
2014-03-31 23:59:59.999999999,17.397541013932447,1554328221663.01,-1.546771267337499,12.44799621792705,343319000370.721,-0.9153791428933911,2.4164132524642334,4340702232596.72,16.96659243514096,18.92219920445151,239878324469.736,15.546868764511345,15.036035799642706,275758806090.1462,8.289908489987585,10.144470375362182,646051474103.3005,9.809590519223033,13.504833510503994,435170335854.9458,0.6911152351434025,7.015692282700001,824569126934.5056,6.522205800053649,16.647103138506708,558803413110.892,,,,,,,,29.149071842209274,1124627057538.92,5.473729240646574,14.967183089003441,164698210273.876,2.2596639012981035,17.003260060851648,175874502642.376,-4.805757254740417,21.372488596567255,623058000000.0,10.431137618418829,1.44096188948455,167478498282.6021,7.359530409869475,15.036659366730538,414360254083.4846,,22.817706563262373,1003078900000.0,6.877044808325827,7.2151051931731685,410176579529.763,-6.317637362979312,18.38231150341594,621059000000.0,-9.402698113537832,33.34896107774018,29641727000000.0,6.748111498604659
2014-06-30 23:59:59.999999999,17.550030915926094,1645909256943.16,11.821622698875212,12.89507256704185,353073481672.573,6.327435799914549,2.555730277337735,4575983376314.1,20.905597738634206,20.53395587722934,251962674952.233,17.82680301510573,14.234184560109695,280073781094.5274,7.520137072561406,10.522898325087727,644851250137.2505,6.756506339504842,13.994810390141396,427086182706.7604,-1.872142917245112,7.3006158589057515,846904405851.0782,13.224219851145635,17.364845564248817,567904369638.351,,,,,,,,29.46858182341654,1178499902110.22,15.315889007931549,15.150999518147698,167360175534.311,5.093110054037231,16.50764082507722,184832124909.404,5.617910579199004,22.044697009358547,630333000000.0,13.278173842252716,1.4055151976594231,166756408651.4133,5.737716885576494,14.939492964145762,431783070030.6531,,22.089230200814768,1064767300000.0,18.53123841563129,7.165451806476887,427893379870.59,2.3320250731025505,19.69589483041817,679436000000.0,2.8175727924675043,32.96180718774101,30548680000000.0,11.203442876309055
2014-09-30 23:59:59.999999999,17.29451619834686,1603938938692.65,5.233890840576927,13.974668930029802,354217996681.385,4.464452706862909,2.88794792168573,4657702260710.91,16.638467333044595,21.522365662767587,258018103456.132,14.111790519840017,14.316551545562065,261553104836.8645,-3.3600775278055828,9.86731421268893,585185871812.4753,-6.226545444772624,13.150123337209793,404941329531.0509,-6.338561849234026,7.921090239279131,848942385803.1503,15.19121950742186,17.63346254102104,585121393677.153,,,,,,,,29.479374196211346,1163301069905.79,12.151628368658551,15.197982300004675,172568221585.001,6.462688895065649,16.370571978847686,186393917601.095,5.509916535448434,21.633355244748298,603947000000.0,0.976076267034931,1.5926643787419905,167918198525.0251,3.978014117438211,15.18549010781475,417072251900.1469,,21.847929987902877,1036940800000.0,6.559573490739479,7.5987179543135355,441189419283.006,6.673690562955437,20.18125978187961,644048000000.0,-0.8259779616021867,32.81288585293536,30877211000000.0,10.361027172245407
2014-12-31 23:59:59.999999999,17.435445108549445,1528633859307.23,3.031727006960283,14.62142441399796,360226997436.32,5.359256672951873,2.973735792931379,4873554520045.06,15.977995341889084,20.887499507396562,258296316554.742,11.643025846003985,14.543083066972823,251051896294.9987,-8.055478186805875,8.780639204401004,564543055990.2113,-11.694223179356966,13.495036647430354,391163013455.0457,-10.107900077905384,8.259078524955218,848741469287.1683,9.151511312887873,17.52087060287132,585880224004.003,,,,,,,,30.16053410185538,1122504973220.21,1.3742812576213348,15.691047881741463,173251581109.458,6.114233383479695,16.07004245398397,188885478241.663,9.771114664571655,21.796903465601133,573609000000.0,-7.696949509285678,1.231657068685909,166696654006.0563,4.035932509030893,15.041513492746336,426132743859.5279,,22.368403274851726,991776200000.0,-1.0282215049140842,7.607139646582136,426719847777.811,9.344455452081712,19.84314167540992,691962000000.0,8.688488283145922,32.296031230567614,31828304000000.0,7.843492626625692
2015-03-31 23:59:59.999999999,17.97552473240768,1401841522390.63,-9.810456835766079,15.003579072712292,359084915730.083,4.592205890829737,4.69245242510484,4865991700765.48,12.101485889174167,21.600028444406703,262825919861.258,9.566348040094464,14.949823945021231,227803369029.9382,-17.39035563003244,7.912567924235773,508785852904.8681,-21.246855196631643,12.949552852690726,380115586587.8576,-12.651310241293523,8.989298209588696,886727157434.6613,7.538243728726557,17.517007219146386,615547085158.314,10.15449632483929,,,,23.27599703879206,402044822064.3993,,30.419429206316046,1129507227514.16,0.43393673863045823,15.4663115860533,174814364466.139,6.142236867930073,15.820816857092387,193065172249.494,9.774395576869699,22.31519306729946,532664000000.0,-14.5081196293122,1.3001135583400736,165817310303.7075,-0.9918813435331519,14.944390471318977,424177287957.4272,2.3692025905468928,21.607813075062438,1016194000000.0,1.3074843863229546,7.5936739235666835,433104862166.967,5.589856608461052,20.45114673669479,635935000000.0,2.395263573992157,32.00264284965249,32517930000000.0,9.703223432291907
2015-06-30 23:59:59.999999999,17.79716254711908,1473697313205.88,-10.463027837702189,15.421292806377707,359330962129.209,1.772288427608082,4.536300458757479,5004198981770.01,9.35789250617498,21.8015563648366,268326958886.676,6.494725434053006,14.65811521964727,239254733642.7486,-14.574390823824391,7.588182911037228,540429828600.3561,-16.19310213241725,12.274211824465976,379641094673.3298,-11.109019667350529,9.47026961202343,895953394605.1613,5.79156141061663,18.97250622142255,597614514488.638,5.231540104050758,,,,23.371888793491085,398205573190.7595,,30.75605898716996,1117771089083.72,-5.153060506645701,14.792822656775709,175017870238.061,4.575577600407144,15.260908864527293,189341931048.829,2.439947136697973,21.27273060566065,545520000000.0,-13.455268881686344,1.2964680817231744,168552703364.3237,1.0771968090685924,14.867761182961326,424489969913.8405,-1.6890657885902827,22.048918271723505,1002913600000.0,-5.809128435856358,7.218005634146657,422348155463.069,-1.2959360131250763,18.990200912116357,649040000000.0,-4.473710548160536,33.280017205128516,31562682000000.0,3.3192989026039843
2015-09-30 23:59:59.999999999,18.10012997337554,1212578166288.41,-24.399979510643533,15.176005252188219,357027683885.992,0.7932084848682353,4.97088165468463,4695974390005.06,0.8216954874292082,21.47857342362334,266765153443.282,3.3900915749647043,15.320222508927905,248886837550.4822,-4.842713411596655,6.8261268786704745,537359812555.1446,-8.172798005051074,12.125715870758057,378543492239.2009,-6.518928883455888,9.227649608130308,886519384858.2926,4.426330889297314,19.376484669815884,563763090485.525,-3.6502345363588984,,,,23.087813346743317,351974523988.8292,,30.855649401383268,1081157850544.12,-7.061217554654398,15.652777687178403,177298395123.744,2.741045538568687,15.351765358657444,180756518420.164,-3.024454474418903,21.825514008342253,541820000000.0,-10.28682980460206,2.324061907362559,190651949472.4504,13.538586732775881,15.640191618055749,372119677210.1736,-10.778126448156911,22.23614662534187,944066000000.0,-8.956615459628935,7.241446510062024,385830921587.814,-12.547557868717064,18.147262836725016,605353000000.0,-6.008092564529354,33.7374379063921,30881198000000.0,0.012912435647116638
2015-12-31 23:59:59.999999999,18.7395092117227,1183041649674.59,-22.60791277966725,14.862764047818128,353530811153.245,-1.8588796316574618,4.861675516130384,4524314110517.47,-7.166030626951125,21.003541016727894,268780604395.173,4.059015622163931,17.563737467739678,245089349017.0802,-2.3750257878602854,6.865638667780914,529282567265.4462,-6.24584579521893,11.637445884214923,369805339050.5355,-5.460044449464474,9.343315047771078,894244414667.9387,5.361225653200008,19.760182064900945,589269772590.998,0.5785395116821412,,,,23.84618317627887,362131817182.9753,,31.062338455027078,1072396255107.85,-4.464008561905031,15.899260532679053,178111288514.42,2.805000320252038,15.409780308161439,183327991496.272,-2.9422519915907275,22.34084048597621,520437000000.0,-9.269729031448248,2.1053959936044326,190050328401.6307,14.009683958459007,14.63032129412257,356663107108.395,-16.302346569742387,21.993829916655447,939533500000.0,-5.267589603380274,7.1560073212519395,381775058540.611,-10.532622157430627,17.990985532912127,600812000000.0,-13.172688673655486,33.78445127457184,30892217000000.0,-2.941052089988838
2016-03-31 23:59:59.999999999,17.812171911274906,1270235216918.59,-9.388101534302184,15.082964715729899,368549084362.866,2.6356352545582995,4.79985173510617,4453402883593.9,-8.479028377846898,21.185263241982195,280286364577.238,6.643349607678384,17.57830097777114,260403965147.1145,14.310848981733848,6.855212644399851,554551047093.4215,8.994981666109837,11.263782747041152,371288241410.4222,-2.3222791931988063,9.093590812490254,911645700437.7437,2.8101702755076063,20.04079846373056,613462302327.656,-0.3386877918724607,,,,23.650439862382726,397042490469.4799,-1.2442223653655438,30.84527952157711,1115629355130.4,-1.2286660984279552,16.277093344176347,183821541100.792,5.152423636444148,14.612038424323917,189763106767.647,-1.710337210680235,20.620572152525465,549364000000.0,3.1351846567442054,1.8315113732765547,195234896463.4795,17.740962090080558,14.5535732332886,386194432565.622,-8.954476458347616,21.36484431935265,955032000000.0,-6.018732643570024,7.492918729057429,407719440205.046,-5.861264598810845,17.601198266860077,634917000000.0,-0.1600792533828166,33.65186997237887,31914696000000.0,-1.8550811813667134
2016-06-30 23:59:59.999999999,17.29935930105691,1389875734576.53,-5.6878422643659725,15.15371748415457,374641014895.82,4.260710704107318,4.931453666067324,4440827386481.02,-11.257977497324113,22.14297268470455,287574171872.342,7.173044805309625,18.03121101471401,258653951622.8052,8.108185649953835,6.914561650216747,532030648665.1521,-1.5541666078937144,11.11215078938118,365857033860.5368,-3.630813683290468,8.729083389209457,906477893644.71,1.1746703682267823,20.61939302228581,632973947351.654,5.9167627301141,,,,24.318390055793575,394309491442.4462,-0.9784096483368088,29.97173315505946,1098369533557.95,-1.7357360299660507,15.796025829685895,187645939250.647,7.215302640472765,13.967298042832496,196816282882.233,3.9475417790454603,21.393327002168828,538079000000.0,-1.3640196509752123,1.673978302491126,217381391856.6381,28.969389109572475,15.084635082669958,389185558183.8425,-8.316901277352628,21.118249742768764,960517100000.0,-4.227333241866493,7.323013653903361,420117228953.569,-0.528219782812589,18.873479322600478,629407000000.0,-3.0249291260939226,33.392499562755226,32836299000000.0,4.035198909902515
2016-09-30 23:59:59.999999999,16.357230847313893,1410817706227.91,16.34859883270807,15.329994188417903,376011816087.3,5.317271757382858,4.900914652134471,4568774255632.28,-2.70870587888028,22.85052395692368,292722362625.199,9.730359774083386,16.76497687569092,266558529533.2507,7.100291906430822,6.4720188032658115,532818935609.3826,-0.8450347122480384,11.307104537102289,366029867357.8071,-3.305729761030063,8.992433593575809,933616226970.1738,5.312556376802702,20.222993861195942,661222563977.667,17.28731006639823,,,,24.01913245642601,389150770536.2634,10.562198117672317,30.373143524081986,1095248505821.05,1.303293063990485,15.988967829077968,191856318515.449,8.210973021805668,14.135844363873925,194112750193.968,7.389073373695854,21.44234699665605,555331000000.0,2.4936325717027863,1.3972086179390777,221877054974.5139,16.378067776629557,15.502261195657097,416749186324.4909,11.993321462845019,19.91903370542359,1026229500000.0,8.703152110127888,7.756862419098153,430092498609.703,11.471754736437113,18.825669172206215,621290000000.0,2.632678784114395,33.530939106449395,32872184000000.0,6.447243400336999
2016-12-31 23:59:59.999999999,16.0664717953017,1396299789108.99,18.02625795068662,14.876525617877759,373188770903.036,5.560465772605561,5.040452892833421,4593957169591.24,1.5393064533665957,22.933547473087703,297180762391.765,10.566297393556301,18.095805873456715,257766878583.4081,5.172615463369001,6.467333591717718,502607160107.333,-5.039917958366258,9.270841005763849,413367969010.6064,11.77988129428218,8.895412252570974,905107619138.8188,1.214791425330164,20.750903023261742,634314739461.205,7.644201173283638,,,,23.049416046202275,370037979690.4592,2.183227800579912,30.24338443216742,1061584795600.93,-1.0081590135572305,16.108996880006387,192498884644.87,8.077868758602103,14.519697796313993,189246807448.654,3.2285391358265914,20.898340379401727,524879000000.0,0.8535134896250574,8.983364549126648,238680936851.7856,25.58827909383272,16.285764455328174,401181487016.2849,12.481913329589233,19.57878403332499,963985300000.0,2.6025469022658676,7.187919950214207,415492916209.043,8.831864972353953,17.363922000292604,574156000000.0,-4.43666238357423,33.54941240966436,32160757000000.0,4.106341736496288
2017-03-31 23:59:59.999999999,15.343772770600179,1457640825074.24,14.753614579374453,14.906086289020326,383776221288.942,4.131644215695207,5.027362242340122,4700515665238.64,5.548853047971236,23.438173684115505,304286146301.864,8.56259338938068,18.3091337932349,298838699469.9786,14.759657865098363,6.536373415545368,510704885993.9526,-7.90660505092915,9.168693908114161,419581456536.3948,13.006933627232552,8.82483940018543,958658498467.5471,5.156915455996702,21.996048167204293,630505745311.832,2.7782380301948795,,,,20.918837016741083,377418936515.9562,-4.942431710601058,30.042297094394172,1159189923404.2,3.904573510322207,16.651406140751206,196172221402.086,6.718842757673293,13.080895153323798,192578471933.278,1.4836209280016943,20.78036989878499,556044000000.0,1.2159515366860552,9.917884062572794,243675631961.3339,24.81151493678575,16.50249659514961,425439388859.8001,10.161968424417832,19.18371272675713,1067783400000.0,11.806033724524422,7.479008631895034,439524347064.946,7.800684422578663,17.38402429629336,606183000000.0,-4.5256309092369555,33.028913264570285,32997277000000.0,3.3921081372669137
2017-06-30 23:59:59.999999999,15.349570951150623,1431622378200.17,3.00362417913278,15.9530548683233,387682376273.926,3.4810287340622637,5.233966878759634,4854622479012.04,9.317972902768412,23.36459932723811,306633825191.985,6.627734749455816,18.992931767334742,333963968281.6312,29.116128397160757,6.616935523222664,545321964727.6555,2.4982237575694066,9.0196424389315,430027024286.9347,17.539635564546565,9.790301488810034,982787167010.5919,8.418216693521607,22.673353585528744,644290043879.772,1.7877665542893384,,,,21.52736937008398,390205117453.6143,-1.0409016465257936,29.696113320053723,1191971599961.98,8.521910299243718,18.17046558540215,199287531687.445,6.204020445786362,12.400015083734992,199023975764.526,1.1217023561074013,21.104715571651685,590342000000.0,9.712886026029643,13.499469323591057,255377880717.2837,17.479181882184335,17.20176889051678,435158871421.5174,11.812697637654402,18.43009524195506,1115275300000.0,16.111967189339982,7.681100495952902,452548268578.536,7.71952145493926,18.601646306488814,655528000000.0,4.1500968371816604,33.23494478616897,33859632000000.0,3.1164687591619167
2017-09-30 23:59:59.999999999,14.695540962065134,1552384974475.0,10.034412498663436,15.867089436657148,405125466720.319,7.742748867833327,6.115524083118022,5028102969040.76,10.053653074284185,23.657874937155444,315765224535.304,7.871917165279596,16.87947894728238,353062173339.9991,32.45202618660075,6.237147543998641,544081507782.3882,2.113771005552678,8.98015102556154,444734220216.7166,21.5021668660643,10.379803337165194,998320572562.3684,6.930507817133491,23.478261264620365,646239437100.558,-2.265973318722847,6.362624954453769,77185350888.63147,,21.015034151544143,403977887643.508,3.81012148243014,30.134380694933462,1207320147913.65,10.232530927635054,19.71282146362054,203410599951.502,6.022361695177958,12.280832863918134,202641243787.269,4.393577230129853,21.07233904305998,603298000000.0,8.637551298234737,13.358989188465758,258063377253.3653,16.309177297764286,17.038543792684642,453863018699.9997,8.905556049870977,17.927242216561538,1126757800000.0,9.79588873638888,8.463781558845746,479801947138.544,11.557850622721721,19.230279276316764,675102000000.0,8.661333676704919,33.14641771871856,34660204000000.0,5.439310025765254
2017-12-31 23:59:59.999999999,14.468174481613955,1523085284153.7,9.08010557858887,16.14245587372462,418327188592.121,12.09533115904311,6.574759657879543,5126292333430.19,11.587725879610588,23.824852854217536,320505241945.749,7.848583254940311,17.471322811823047,360808651542.9055,39.97479176757584,7.461105189266011,547272368693.3694,8.88670359898931,9.360700044800165,425581424816.9114,2.9546207548537984,10.7957950531117,1035319100138.97,14.386298186733114,23.849335733495618,661710959338.787,4.3190262141555635,15.605841710387997,78370954895.66081,,20.896363835111632,425751036178.902,15.056037365420515,29.911337127809002,1168951683424.28,10.113830592550354,19.22672497062282,207169101677.095,7.620936120897137,12.727155300141336,214236944955.482,13.205051035594483,20.72238849274805,634174000000.0,20.822894419475734,17.244607601654288,272402015469.232,14.128098817705848,16.168679515836796,523576869199.9996,30.50873137093346,17.340182836771838,1199911800000.0,24.47407652378102,7.975667269299448,516243779618.257,24.24851531247867,18.405630574202224,694494000000.0,20.959112157671434,32.35196853024095,35412791000000.0,10.111808002529287
2018-03-31 23:59:59.999999999,13.0611103031881,1617755924616.12,10.98453725963151,16.130439353139295,429294683130.65,11.860677998452008,6.966915449341727,5431337070440.45,15.547685770018749,23.95310944496813,328967839839.042,8.111343167326712,17.931501936435616,371891720362.3855,24.445636064530476,8.092536439013793,561366135850.6805,9.919867862264375,9.231106786338744,432643115155.3832,3.113020943969058,11.12439670496991,1052147208595.634,9.752034773335062,23.99088328433754,657174756291.169,4.2297808033687545,6.014172312774677,75363050542.11842,,20.47701419952222,456270507075.5489,20.892319629611134,29.85176623653721,1226466186888.17,5.803730874954405,18.62394073595167,208668128234.77,6.369865592270396,12.817375800682473,205998092926.379,6.968391045158162,20.543890226021524,650646000000.0,17.013401817122386,13.551022005559549,279119503442.7333,14.54551331050762,17.18627892144258,534784143110.3978,25.701605707841814,17.989587636841264,1215094000000.0,13.795925278478771,7.759480991049383,538560905694.019,22.532667255049454,18.72004686926123,672509000000.0,10.941580347848756,32.192900214316836,35444253000000.0,7.415690694720056
2018-06-30 23:59:59.999999999,14.15733320249221,1378711138636.75,-3.6958935798377057,16.616305582727815,412686408745.04,6.449618038207339,7.620070263935569,5285915552320.5,8.884173283773688,23.249765435156675,330022993293.759,7.627719507829878,16.4171857914755,345889551035.039,3.570918987089944,8.322616627476801,526588227737.3007,-3.4353534612732495,8.375768244503956,416917077809.3562,-3.0486331642336273,8.754966763831735,1018610114357.864,3.6450361329235736,24.854243367823884,630456967736.405,-2.14702621509828,5.872713157065859,76507927921.99472,,18.956804998311227,439329652606.7773,12.589413351044175,29.692722877126908,1197999929298.48,0.5057443765180469,18.905850355779744,208178242157.476,4.461247723201689,13.288336370073331,198469670484.004,-0.2785118116511831,20.462383079809417,592712000000.0,0.40146220326522375,15.580017275258799,304753697173.792,19.334413895919923,17.349057384704533,471948819076.3982,8.454371511420744,19.02017387133173,1169934100000.0,4.900924462327816,8.088094546418697,494462686589.433,9.261866837442788,18.196988170380514,611854000000.0,-6.662415640521835,31.57026155017853,35846697000000.0,5.868536905539901
2018-09-30 23:59:59.999999999,13.674057343238976,1387258228185.22,-10.636971434590448,16.653269354267422,415427020003.0,2.5428056562518675,7.979178011855597,5266918813286.85,4.749621193450815,23.011277118306552,332130451980.808,5.182720000148167,15.733335988708271,361159648563.7547,2.293498379379688,8.18059847130693,525834584729.688,-3.353711308269325,8.380086710470541,424547362453.6053,-4.5390835347175145,8.509826014831221,995796306570.292,-0.2528512445253317,24.671258109411383,631909747554.145,-2.2173963276993836,15.517543735853167,80637069725.61983,4.4719869732389395,18.56884781587576,436768533616.1478,8.116940796912143,29.02645597719221,1242047324122.53,2.8763850474036623,19.491912880379854,208426189645.216,2.4657464728533363,13.244453021680657,205846807102.182,1.5818908604203763,19.77882484915776,609743000000.0,1.0682946073084842,16.699674457185395,310323326758.2373,20.250819802905795,17.876626369949292,451951245668.0015,-0.42122247313166605,19.598664832687863,1179657400000.0,4.694851014122103,8.22709245548815,523118422424.205,9.027990724921597,18.180473071822654,540679000000.0,-19.91150966816866,30.842658393430767,36729522000000.0,5.970299540071955
2018-12-31 23:59:59.999999999,13.01118738097126,1470876985893.55,-3.427798745305277,16.87205208030855,413759034413.1,-1.0920050868305053,7.740612519977254,5325231380640.55,3.8807589242036533,22.26637615443826,334366633433.018,4.324856405816679,15.765878785526057,358891168877.4148,-0.5314403236427623,7.538158390204757,535729655833.1279,-2.1091349610432686,10.381302636802712,350210716669.2411,-17.71005587945841,8.560574704994114,1034339424849.839,-0.09462544340189671,25.487002736062735,663747165379.394,0.30771834920819696,14.917531456651773,85835578995.22319,9.52473286755331,18.85152447207586,430588765914.3482,1.136281376755921,29.23483837709537,1181067564768.27,1.0364740917689685,19.84042166792502,211473956671.66,2.077942588791437,13.160790474723186,224684427555.416,4.876601746773868,19.89158271867936,598982000000.0,-5.549265658951641,16.174633064266615,321231307856.4987,17.92545194761308,17.894046385326547,445804754210.4014,-14.85400130613681,20.629535824994882,1110148100000.0,-7.480858176409299,8.8849564371841,513505775784.444,-0.5303703292730666,18.349432080846707,573233000000.0,-17.460338030278155,32.38996844301874,34902578000000.0,-1.4407590748777732
2019-03-31 23:59:59.999999999,13.699106722234655,1520115593540.72,-6.035541554179091,17.29225602617614,421699929059.57,-1.7691237207260402,7.692911023669552,5587374488417.46,2.872909855406114,22.22616505146468,342782473414.397,4.199387265975374,17.43468394194937,354226010101.0101,-4.7502295141610755,8.972859729195175,531057064727.7251,-5.399162718824469,9.701239466643809,365297315667.7431,-15.566132252781351,8.519157236127125,1078465816729.287,2.501418805148181,25.09647620191134,689574932402.119,4.930222258353889,14.650939670111656,85474318594.70132,13.416744651189493,19.843586578752927,436004780651.9799,-4.441603414926265,29.10028432259381,1239795388718.8,1.086797334743439,20.82137911744384,216038090293.174,3.5319059603161618,12.984530042414702,225781805735.939,9.603832991128925,19.344012462747223,590560000000.0,-9.234822007666232,17.06084337614783,332705389070.5707,19.198187502806153,17.92316204381847,458619659163.601,-14.242098410736503,19.818077412001927,1140650000000.0,-6.126604196876951,8.529997011437802,535262871065.644,-0.6123791373465859,19.529942463923227,556868000000.0,-17.195457607258792,31.58837461457425,37025938000000.0,4.462458272149217
2019-06-30 23:59:59.999999999,13.127452184224053,1595975734470.77,15.758529088903138,18.330143922429954,428513400217.92,3.8351133300001727,8.260167336589845,5586341182812.15,5.68351173071171,22.229996693919215,347958640627.554,5.434665977297604,17.70113842764133,366409739301.5248,5.932584030098975,8.983043084366347,559876085727.8875,6.321420844066616,9.711289775348998,377586736947.1628,-9.433612330982044,8.52552849234306,1114476394724.275,9.411479330032503,25.74249921375221,691486226549.652,9.680162475222787,16.89207668646005,74502653378.40067,-2.6210022909502584,19.571185235606087,435548437862.1125,-0.8606782451921591,28.863705864716614,1256192662723.91,4.8574905559056525,21.654910927594926,220206977356.898,5.7780943266505735,13.065113037859536,229588129007.283,15.679200981888574,19.222003786823898,606841000000.0,2.3837884166340473,19.55332878673859,360320090601.5733,18.233213884881415,17.573512887063583,480440535099.0002,1.7992874818969273,20.614750598028863,1161482400000.0,-0.7224082108556407,8.703188429530522,561155722110.684,13.487981465551545,18.751706615792184,552995000000.0,-9.61977857462728,31.147867928213408,38297960000000.0,6.838183724430724
2019-09-30 23:59:59.999999999,12.63836323472393,1543346075668.15,11.251535172879867,18.539979212481086,429963492286.35,3.4991638924317003,8.640799173824854,5483020025551.01,4.102991140076084,21.75746108858422,347557693628.401,4.644934409231616,17.400957413075925,350930189395.5372,-2.8323926022460255,8.71458964411503,563905576818.3608,7.24010804809343,9.327428656335906,382550439888.731,-9.892164285784178,8.920443823144934,1107063400254.485,11.17368009401618,26.42430175205867,691846226315.907,9.484974554317404,17.40681240241084,75764264545.30505,-6.042884738861732,19.927137660727002,424956167550.5517,-2.704491087715899,29.536222304361043,1247622822520.01,0.44889581010278956,21.440820594126915,218901081281.045,5.025707975403382,13.834205851968942,228645592823.403,11.075608138970905,18.68223490745546,578100000000.0,-5.189563471823377,19.832634168830694,370660816111.856,19.44342695211747,19.268682643371616,435586688950.9453,-3.62086770949569,21.0543418386435,1140793200000.0,-3.2945328024899467,8.684287286737504,557451387903.562,6.563134465854437,18.529106255187138,574739000000.0,6.299486386562081,31.62254713034192,39313952000000.0,7.036383430200921
2019-12-31 23:59:59.999999999,11.352897608961532,1678860995646.85,14.140136241709623,19.02821069486061,431051519609.3,4.179361357203648,9.06568751432389,5546830137971.92,4.161298195172791,21.486427645974235,354645816278.391,6.064954100581743,16.80867772819477,361501790371.7784,0.7274131326578503,7.933454964947654,580401847662.1405,8.338569900436376,8.048834574553533,439094091212.6111,25.379969918886445,9.042425539289594,1122895311188.791,8.561588605385339,26.757903872838266,713239291719.495,7.456472723587693,17.416529965649165,79723847942.58372,-7.120277074125159,20.034889828479173,444918627543.2816,3.327969228018346,29.560776703048464,1277237402098.0,8.142619457050193,21.55374191415848,219587037270.284,3.8364443198178666,13.772131514625588,234377970762.073,4.314292410971032,17.843541890975796,601848000000.0,0.4784784851631585,19.842311094126842,389660039934.656,21.30201210298155,19.636331912902875,466662870901.4992,4.678756001164941,20.3086857488016,1203586500000.0,8.416750882157075,8.87237290332535,567884970566.622,10.589792237313599,18.426556772763984,579468000000.0,1.0876903458105103,30.77469283009136,40511618000000.0,16.070560747690333
2020-03-31 23:59:59.999999999,12.279031528670023,1287868026565.58,-15.278283307006845,19.499196329080448,416076122110.88,-1.3336039589173287,9.132652162296298,5467803341223.64,-2.1400238598950128,20.049844819770808,343743004331.121,0.28021587777120605,16.538229467630234,341656336447.0994,-3.548489748205197,7.819700815973619,570070055735.8816,7.346289805627304,6.844492949039839,431494551288.131,18.12146785129889,8.949325540423802,1090815681263.825,1.1451326822756291,28.120344925649754,620619719500.0,-9.999669312501702,16.49624902599308,83495692919.10548,-2.3148773902229136,19.67468506793932,419260852207.9675,-3.840308452346408,30.193592656719176,1145229420075.64,-7.627546408354069,22.068290019920905,215556823524.106,-0.22276940534649015,15.1994344828838,210708032586.869,-6.676256795775382,18.506533463640643,552540000000.0,-6.437957193172583,20.87038581028186,400323530637.2373,20.323728977027187,20.32521185199458,343461810235.2004,-25.109662577138014,22.178855435680827,1112346400000.0,-2.48135712093982,9.020022396229571,492146447254.934,-8.055186739343668,17.76966276808437,513178000000.0,-7.845665400058898,31.699870885412007,39316239000000.0,6.185666383387778
2020-06-30 23:59:59.999999999,11.953536826734904,1295374064857.85,-18.834977444854463,21.099743265111876,429913097618.2,0.3266402869941176,9.367563834452113,5638138995168.86,0.9272224996940581,21.67725395309659,354750214616.436,1.9518336939795988,17.57591042328624,353854684031.9946,-3.4265069737129394,6.107492709388216,603931825302.0846,7.868837533383988,5.836453405743125,587317090139.1908,55.544947073015564,8.919546976055488,1096074774905.701,-1.6511448699751519,29.45809245418165,660361356400.0,-4.501155475642305,17.385101003581823,79682529519.16829,6.952606257469673,20.874966565949777,432339046304.4743,-0.7368621440571488,30.388609764296763,1173929386506.41,-6.548619384475751,23.062559578146153,215647613888.118,-2.070490010582393,15.138103980683134,224814138371.729,-2.079371723702028,17.216683470940357,567316000000.0,-6.513238228794693,21.455340592983937,421295162424.7733,16.92247349333169,19.186328376240382,368616317432.9994,-23.275350328830633,22.067882183983524,1191596900000.0,2.5927642123548367,8.973064873771595,532768109201.781,-5.0587763414633224,15.93089861990057,549743000000.0,-0.5880704165498796,31.005175917832766,42146921000000.0,10.050041829904256
2020-09-30 23:59:59.999999999,12.161307376406786,1285043294471.81,-16.736543103886447,21.61153676074317,427052896170.75,-0.6769402909355793,10.213570769932486,5965247129156.94,8.79491778907866,21.997857007218872,358331848945.99,3.099961679774643,17.29835315842852,364169155299.2814,3.7725354796484645,5.857239350440727,646742120879.0048,14.689789827584265,5.791507217086502,619820632255.4045,62.02324389842191,9.044728936083917,1143607054116.399,3.300954024269376,29.56585679611156,650799801700.0,-5.9328826341194185,17.063959230742075,79734000097.97517,5.239588315803312,21.42597137295995,434935856819.0862,2.348404383929159,31.117131793560702,1181131753604.15,-5.329420696357423,23.468243487591863,219475048375.746,0.26220386456843325,15.644879503795917,229780585473.499,0.49639821878071366,17.09763172648099,593977000000.0,2.74641065559591,21.36106764021308,428763706365.0987,15.67548759610693,18.66451209841017,383811606450.199,-11.886286659824242,22.09970305422676,1258950400000.0,10.357460054986301,9.417829162142569,515568425497.439,-7.513294130208292,14.053437157201362,564289000000.0,-1.818216616585966,30.05688406028173,43747053000000.0,11.276152038848707
2020-12-31 23:59:59.999999999,12.019189812837592,1474503911268.33,-12.172364770424792,21.425634723125807,441312731240.47,2.380507007716992,10.54454031540654,6592282243688.02,18.847739694771803,22.45543817337153,376975269958.831,6.29626874349245,18.921471593186205,391538598213.8682,8.308896011607336,5.122293692686605,682005210866.33,17.505692584103237,6.302113422898604,651115551666.0074,48.2861110400902,8.719811464398237,1198997319520.26,6.7773021735126004,29.231365666487957,684455731500.0,-4.035610566280335,16.4623517550917,89446195283.26746,12.195030209386859,21.796091493826868,454299574856.7057,2.108463600461752,30.31936097368359,1286088314627.72,0.6929731712508103,24.55693590695399,223571074412.802,1.814331661852231,16.48896029996049,254196658483.724,8.455866247672983,16.736476263948116,633867000000.0,5.320114048729918,22.657767683654786,446903073949.84,14.690506633624366,18.985758315895534,439004744652.3011,-5.9267895463309905,19.387559815020417,1493354000000.0,24.075336504688273,9.061570776918638,567534623124.64,-0.06169338160726401,14.268893555605247,639517000000.0,10.362781033637747,28.532501172338964,46744160000000.0,15.384579307595159
2021-03-31 23:59:59.999999999,11.924968358619418,1399386786522.23,8.659176068998487,20.75676670082978,454392107897.79,9.208888410255645,10.716638544684159,6801472376101.23,24.39131314073797,21.511743886365913,369847540183.706,7.594201343349827,17.629562704852884,383454720789.4147,12.234043359762815,5.32448941862475,658997177781.2803,15.599332248841957,5.719279573112093,649957282981.3699,50.629314099347724,8.82918796761825,1211069414335.704,11.024202817890604,29.66756086692853,677422600400.0,9.152606518169137,16.780017246363684,89799153784.11707,7.549444342139511,21.74880648593524,461767754830.0842,10.138533659477433,29.596502725454904,1264117180554.83,10.381130487491141,26.296024343664676,230249166181.761,6.815995159629895,16.754743853465467,246011182658.692,16.754534527424102,15.737404530639381,616690000000.0,11.61001918413147,22.716842293854054,471314216628.456,17.73332831028327,17.750381751444564,452476907843.1993,31.740092889321847,20.180557907266326,1508358200000.0,35.60148169670887,8.563819456726558,572859915639.085,16.40029483791865,15.338478255412388,557702000000.0,8.67613186847449,27.61373488755473,47727220000000.0,21.39314749816228
2021-06-30 23:59:59.999999999,11.599194227079026,1581029140315.21,22.051937213109696,21.835123324758516,457541799597.14,6.4265783322276615,10.463081573928074,7115450001019.44,26.202103337935444,22.569613852731834,376840105599.694,6.22688586873501,16.810640399433225,409283688604.879,15.664341062635945,5.133749478651,701639301835.685,16.178560632191807,5.476263545298441,669108140801.716,13.926216695506199,8.780263669900776,1225283754887.217,11.788336246733921,30.27742350942858,678914885000.0,2.8096024124042662,18.149998689105974,83739260256.18336,5.091116912947902,23.40536590416088,460775083585.6268,6.577254014925682,28.983067070611103,1298090858005.82,10.576570697230103,25.841833920722383,228600163906.805,6.006349796852839,17.31717376798062,258184499685.579,14.843533220616356,14.712479418434867,643780000000.0,13.478202624286983,22.369808037633046,511258554272.1893,21.354005426891142,19.094045632288353,457986075087.5235,24.24465587331688,20.867096719989203,1590159400000.0,33.44776241025804,8.762397012669238,572555860696.569,7.468118081316821,16.49183752033022,542911000000.0,-1.242762527217267,26.93248538863958,50230949000000.0,19.180589728013576
2021-09-30 23:59:59.999999999,12.326893345885024,1463442763580.52,13.882759427341895,23.78562280787324,473636646844.41,10.9081921914971,10.85684258526069,7116253969181.12,19.295207978866237,21.925731887285583,387430712004.608,8.120646586177148,14.354550956928946,438104405086.2852,20.302447011538472,5.115844439738777,699898953569.9858,8.219169739359833,5.984970638160669,679919051690.7198,9.69609856590754,8.89940297144662,1265107365065.268,10.624305832281312,29.158196669658164,708465519800.0,8.860746107999319,18.58883113838113,84443160531.67247,5.906088278414212,22.874623525513815,475823098974.15,9.400752206105434,28.384787015886275,1290412541051.09,9.252209765208374,25.777746218173007,232405541404.351,5.891554928133669,17.431890933551962,260040462441.727,13.169031189416103,14.268587910500566,647289000000.0,8.975431708635174,21.418179387424747,537759550348.576,25.42095852923374,18.15075982846331,447788050951.699,16.668710228230466,22.326263665767904,1508779100000.0,19.84420514104448,8.82618380736027,552269182800.45,7.11850367244673,15.732711920400414,563018000000.0,-0.22523919480975652,26.72647863080138,50673028000000.0,15.831866434523034
2021-12-31 23:59:59.999999999,11.729498696262286,1580493050682.45,7.188121957774318,24.495139401167254,470713182563.05,6.66204467746474,11.029967805545754,7335579306675.01,11.27526151809841,21.92282051175947,392546176652.675,4.1304849242616015,16.024221355127054,441616555054.4394,12.790043451403822,4.586482027208207,709121749677.8726,3.976001704898602,5.792873327674664,680765834585.2722,4.553766661447223,8.644889153728423,1281327763477.948,6.866607841177652,28.35817319081088,708425381100.0,3.502001443902003,18.15697634140651,86689261826.24132,-3.0822255192579195,22.62651077768333,485841440464.2577,6.942966129233308,27.38237225015438,1295284550089.28,0.7150547405620378,27.301101462143322,241156209366.298,7.865568030069392,15.999410953063201,270254855847.362,6.3172338532790695,13.120197500385745,648100000000.0,2.245423724535267,20.65718153480344,544637779249.3813,21.869329390764246,17.600072806163702,453881427617.301,3.3887294263260204,22.6472707915106,1539633200000.0,3.099010683334291,9.188983254089136,575152901206.761,1.3423459594724907,14.206986256824521,525861000000.0,-17.772162428833006,25.515338242214508,53775458000000.0,15.042088680168808
2022-03-31 23:59:59.999999999,10.144661145547888,1847007743326.27,31.98693607193992,23.279058130524852,498240252160.0,9.649847235479081,10.972924765611364,7211204369552.18,6.024166103954953,21.70023152669035,403569382426.523,9.1177684258944,13.680423678852973,481774894140.1448,25.640621439819355,4.420324812276094,706192719442.4065,7.16172136275679,5.450733446812934,678693997256.0691,4.421323528045296,8.70880144943344,1293045800121.408,6.768925448478069,27.28961273472103,718733181400.0,6.098199406929616,13.659906676798581,87853004063.83679,-2.1672250107823365,22.002539226537948,493533401289.5932,6.879139161892689,26.026220937758147,1351321179815.05,6.898411049357422,26.543972867501296,248927376291.564,8.112172747265568,15.958416646841837,271769744980.775,10.470484326649343,11.751515936611334,648444000000.0,5.149102466393174,19.74188293090042,577696013930.648,22.571310932055823,17.330475859883183,509008422921.599,12.493790091491274,23.742727329380912,1513182100000.0,0.31981130211642395,8.759247603150722,598128266265.982,4.410912674647105,13.404183588666049,510184000000.0,-8.520320888216293,25.48776271313858,52277315000000.0,9.533542913247416
2022-06-30 23:59:59.999999999,10.289031573522795,1656052461317.86,4.7452206344339,21.393666289437547,480736842010.0,5.069491450460473,10.1199725616792,7000630436965.19,-1.6136655311723036,20.917889792035723,403700292981.435,7.127741177918523,9.78928487340899,464826287729.3145,13.570684752613271,4.305511511057883,656993182513.8652,-6.363115521752139,5.254126836602215,630563759436.1641,-5.760560814484872,8.710201020792963,1258241835256.886,2.6898324766170267,27.270490229883766,703446518500.0,3.613359206286959,12.070799827104569,88831454874.47017,6.0810121831841535,21.33431159529325,477977729320.7877,3.733414923674827,25.463088259098292,1304356886420.42,0.48271108112001304,26.200670512055396,246882772009.366,7.997635605377074,16.620845786429022,257815216217.255,-0.14303084374690522,11.834227053847881,614286000000.0,-4.581378731864927,19.100413157154605,571622105422.552,11.806854016612833,18.395664353640147,442225709862.9987,-3.441232404612493,25.45675646008067,1398376500000.0,-12.060608515096039,8.546846480413645,569166893625.033,-0.5919015600352129,11.762811188229916,481220000000.0,-11.363004249315267,26.855060255689526,47560571000000.0,-5.3162005758640944
2022-09-30 23:59:59.999999999,10.094785820146491,1651151268107.62,12.826501261166158,19.601344932407773,480915552530.0,1.5368121816767166,10.058088280354747,6488403623466.93,-8.822764735958943,20.171453843386686,403288559977.76,4.093079738336147,8.99562628283837,454580239069.1394,3.760709500195336,3.8039979240940345,616271766383.3425,-11.948465812112563,5.036814832981104,609047533217.1034,-10.4235229616502,8.592240152638277,1250412737198.653,-1.1615320780190785,26.805969926575614,697372308900.0,-1.5658081572031413,11.91399075138415,89283109993.56499,5.731606244270271,20.879297509705783,468968005423.5596,-1.4406811198047542,24.590192206012773,1299798457363.16,0.72735780329789,25.311014911181463,249765453955.203,7.469663780799585,16.67958502420364,252186322746.445,-3.02035291797792,11.69417527050753,576971000000.0,-10.863462842717864,18.781637701651793,581554648047.1573,8.143992546518852,18.338364515813545,399693935552.3999,-10.740374893229742,25.915149202081196,1321606900000.0,-12.405540347158839,8.100345617107378,560533132607.158,1.4963626550377418,10.748589939717522,494837000000.0,-12.109914780699727,26.69715685034153,46468289000000.0,-8.29778516492048
2022-12-31 23:59:59.999999999,9.823569607719845,1750224543268.98,10.739148300161183,20.312227284569286,498070574500.0,5.811902651204304,9.801918428733739,6793898544616.01,-7.384294265159097,19.367708487187766,411152020126.008,4.73978466227567,11.925317842634907,437612133003.1836,-0.9067644782388529,3.8289215816339164,669779462786.9177,-5.548029926994424,5.775715521105215,656053067670.2806,-3.6301420634669124,8.216566704119572,1263660605697.399,-1.378816434336405,26.702493284238336,702085591800.0,-0.8949127839202986,11.504092959895445,93311866590.49174,7.639475322243117,19.91776191081791,491240411726.3041,1.1112619905142784,24.708431609873056,1345672439624.8,3.8901019495713784,25.10206747809019,252882001271.127,4.862322200055158,16.348559437324838,270254248777.569,-0.00022462863473737826,12.280816499417586,642156000000.0,-0.9171424162937813,19.9640034138252,578258954537.752,6.17312580385212,17.308674096481496,439272227015.0987,-3.2187262384572257,26.176573289055753,1409863300000.0,-8.428624428207964,8.60099809990814,616696342507.319,7.223025601260691,8.752946186001044,666964000000.0,26.832756184619132,26.078767011748578,47437143000000.0,-11.78663136630096
2023-03-31 23:59:59.999999999,9.899811315092027,1784748379638.31,-3.3708231009274114,20.112084654835982,513721251890.0,3.1071354959551822,9.095919906950693,6959146216130.17,-3.495368325522341,19.83094116573762,418746787111.518,3.7607919098665343,12.010207008677899,449043152143.717,-6.793990802456873,3.816615488021951,692742040244.216,-1.904675427525071,6.332867503389844,710358625896.7216,4.665523603961619,8.121349955087599,1291225576930.072,-0.14077020250674588,26.85632268169284,721866940600.0,0.43601148257770284,10.825119534435686,97822278398.3833,11.347676087777847,19.316963810932904,497884189512.411,0.8815590214257707,23.654086152813374,1455577720639.87,7.71515627684376,24.468886342737868,255099449567.12,2.4794674525178584,17.355254004508165,281943756571.905,3.7436145042008873,12.025872108648523,669756000000.0,3.286636933952658,21.883385445267088,582016241544.928,0.7478375322144126,17.302876036850847,429485981880.3003,-15.623010830519657,25.045453937341396,1442614300000.0,-4.663536530071299,8.489068830978985,615978522888.302,2.9843526261944087,9.740127611916842,604489000000.0,18.484507550217177,26.02910330747992,49224577000000.0,-5.839508016048645
2023-06-30 23:59:59.999999999,9.934988790498267,1919799395236.15,15.926242681249626,20.147575549895162,514957062020.0,7.118285311132477,9.19170572069379,6676232674910.43,-4.633836409101876,20.258887153487542,428930693315.932,6.249784994745422,12.764791789660554,429922083276.0753,-7.509085732596343,4.198765820069936,705876509195.4172,7.440461785997354,7.013561009068605,708205419664.7458,12.313054638282296,7.970280311350478,1327464792948.095,5.501562239589353,26.58239970665319,718922979900.0,2.2000906953099086,11.619806438408558,94319522685.7222,6.1780681392726855,20.164868989482027,479066654935.1656,0.22781932035311758,23.05709717302028,1498647167571.21,14.89548475371536,24.311040928048868,256822601498.025,4.026133297094514,17.04518171818546,280651516322.292,8.857623083733479,12.56467504255537,712601000000.0,16.004759997786056,21.699800222454304,615188185710.5627,7.621482772400134,17.518310005318526,406656038349.9992,-8.043329620979966,25.714739699567136,1480224200000.0,5.8530517353516665,8.305863035853687,586212035014.655,2.9947527835045618,9.981546601054582,562498000000.0,16.88998794730061,25.39235957727996,51507281000000.0,8.298281364199767
2023-09-30 23:59:59.999999999,10.098024001761424,1875324535933.66,13.576785613529175,20.080031923550166,509833446330.0,6.013091830336692,9.184458088521827,6534394527224.52,0.7088169359756202,19.55818336130314,433346490812.707,7.45320691382978,13.034910811744982,414567727609.1784,-8.802078933720503,4.3449319573777645,684195372715.1395,11.0216969260841,7.127852399440069,698624273653.6094,14.707676421139881,7.862072819535175,1334488050619.061,6.723804942099765,25.97992720930175,717913239700.0,2.94547554266964,11.631754057286486,93702458189.21036,4.949814355664683,19.65238881186064,490515697394.5437,4.594704056947951,22.652451298504158,1475935282289.73,13.551087395802153,23.850366997030388,256956058284.14,2.8789427100781806,16.405378947215187,279184811755.529,10.705770525164038,12.486614893972526,688265000000.0,19.289357697353935,21.470153856876802,624670717244.888,7.4139325242284615,19.327833240473783,355125068529.5003,-11.150748875211946,26.147063755880513,1441264700000.0,9.053963020320177,8.010574284252659,569579212326.151,1.6138349711671385,9.123063016927297,648302000000.0,31.01324274458055,25.57576977015781,50803249000000.0,9.32885650254951
2023-12-31 23:59:59.999999999,9.53862783747805,2086742053342.88,19.227104965935958,21.06329829058175,518476450760.0,4.096984906302681,9.942323753098533,6773958906443.04,-0.29349331671683077,20.325929448040004,447375427802.35,8.810222473244899,12.056721479092253,430882508044.3332,-1.537805844793938,4.445403307335096,722721264614.7921,7.904363267214309,9.374729135653299,640088907248.7992,-2.433364190822551,7.898888999843617,1367480323786.064,8.215791298753693,25.980827199158835,743171147400.0,5.851929747577533,11.184210463599447,97810247647.4809,4.820802778204758,19.66214921757825,497234994548.0322,1.2202951301710119,22.82787567697798,1532818396713.61,13.90724455507093,23.82577160606142,261464009751.193,3.3936810199729495,16.83122796045403,293142781637.503,8.469259211821779,12.626372319355456,773508000000.0,20.454842748491032,20.573612401948605,664677820078.4747,14.944665337660744,19.69485354403263,368450636175.8991,-16.122483162762148,25.215522476940805,1539537800000.0,9.197664766506076,8.266705177395965,583557793334.07,-5.373560193095472,10.231085167521702,664690000000.0,-0.34094793722000416,25.57061458991831,54438934000000.0,14.76014480888952
2024-03-31 23:59:59.999999999,10.337523592046388,2048747337030.78,14.791942685274817,21.20319191071702,515339079890.0,0.3149233157180076,10.515866584585499,6808637267267.61,-2.162750202226016,20.109277381959505,451454972813.152,7.8109699485105155,11.696128754431827,423214581642.6771,-5.751912790059288,4.760252804767562,709400130307.7623,2.404659901638695,9.754366767437944,637452073016.933,-10.26334448853281,8.245485199706613,1396786880355.675,8.175279773854705,25.739196297249478,734916161000.0,1.8077043934376258,9.817290449732436,98874786616.90306,1.0759391784286532,18.928042356994858,496111452285.6635,-0.3560541314805765,22.646614516709906,1591050833267.63,9.307171352430842,23.540079567677967,265136990364.374,3.934755960581948,15.701179182062337,296631801336.252,5.209565532833871,13.29946250124244,784746000000.0,17.168939136043583,23.15879432302686,690770983123.2614,18.685860258753316,19.494118664722155,346144591801.9994,-19.404915083242113,24.570984581384995,1558207400000.0,8.012751571920496,8.882495672389071,552147757232.046,-10.362498574943125,10.123495951956976,693545000000.0,14.732443435695263,24.641864953224633,57412700000000.0,16.634217090377447
2024-06-30 23:59:59.999999999,10.877744421175011,1897811067410.43,-1.1453450751303773,21.058228465359978,518706247250.0,0.7280578336557264,10.979358654659457,6905780334947.78,3.4382813064619544,19.674662023303526,451264150772.812,5.206775314731349,12.052785084231022,424204823398.6146,-1.329836288914088,4.864372730357065,706555087473.2648,0.09613271854322925,10.47998350580439,575815406230.3898,-18.693730626493597,8.17529447901757,1424340299505.377,7.297783494667032,26.287153881613296,736229104800.0,2.4072293394220345,9.933274655154351,101327768007.5232,7.430323142275497,18.408887750297655,513614019025.2209,7.211389841927263,23.290648677074948,1477462565544.6,-1.4135816945454072,23.254012991878163,266321551676.023,3.6986426126794925,16.49033995281009,290819745109.926,3.6230799394495916,13.339623987001016,785292000000.0,10.200799605950595,23.221708098131842,698495118655.5867,13.541699089816174,19.50953768291976,373359890704.9996,-8.187791279356937,24.29615604244067,1556648300000.0,5.163008414536119,8.583791910269493,544417941058.243,-7.129518239141442,11.397483652811689,727801000000.0,29.387304488193735,23.93537354445801,58787380000000.0,14.13411630095558
2024-09-30 23:59:59.999999999,10.792412338199275,1987530981124.29,5.983308117640895,21.95186635366284,536767779840.0,5.282967154054896,11.199472665064024,7150560066985.01,9.429573577067218,19.441726492725326,455706617814.125,5.159872636670815,13.170965054382823,451084152033.7853,8.808313332829343,5.159012024584417,740553234183.9738,8.237100646440432,10.860098096534976,597582078821.513,-14.463023780103434,8.35183419702797,1477615830021.423,10.72529494257861,26.478377825669817,787229796600.0,9.65528326639662,9.862324044218356,99299851949.95242,5.973582624096618,18.724133544850602,576487731835.0554,17.52686711091338,24.368609378289506,1431143591925.3,-3.034800434809115,25.07051222100915,269747361978.813,4.978012108408225,16.519914433721308,318207908904.648,13.977514358227339,14.476295267702271,832492000000.0,20.95515535440564,23.387505375976268,726562925069.872,16.311346924405214,19.325428580741093,414221194510.3993,16.6409333550019,25.807492250315644,1552708400000.0,7.7323547853492824,8.677782692746923,622053714912.372,9.21285423530751,12.830213870760353,689061000000.0,6.287039065127065,24.019173557599256,62022084000000.0,22.082908516343114
2024-12-31 23:59:59.999999999,11.274696874007548,1824766191128.61,-12.554300220987768,21.201881243078187,524949518460.0,1.2484786320596797,10.833732633231483,6920945249932.21,2.1698735631443533,19.056002648441833,458712426475.911,2.5341129550301877,14.134317684325252,426640467054.5034,-0.9845006261877121,5.31326085510098,703828504186.7999,-2.614114369259901,10.93945832717204,548805798799.69,-14.261004590980663,8.352824669085617,1447890506083.024,5.880171063400241,26.380393129402407,768281584000.0,3.378822857675434,10.280083990034203,107551670045.033,9.959511024510736,17.82538184027671,555028848271.1365,11.623046317493536,24.507621411748655,1372049793303.95,-10.488431229319195,25.280799522710485,271323992617.669,3.7710669532907026,16.369186462433188,307610444723.428,4.935363922354918,14.476266232426205,799557000000.0,3.367644549248361,23.474374462973216,744236410602.7094,11.96949681799846,20.453010564764433,384081666506.9991,4.242367578281958,27.20453856800188,1410524200000.0,-8.38002158829747,8.316954439099296,601858493559.398,3.1360561771902162,12.958205767176931,702250000000.0,5.6507544870541215,23.425929526486552,62258823000000.0,14.36451529341114
2025-03-31 23:59:59.999999999,10.666090010850116,1973092237083.31,-3.6927491535933332,21.691692998047948,542315432090.0,5.234680087867227,11.046035104237488,7085387053982.18,4.064686894762892,19.06108134581491,467856958280.972,3.6331387304506357,12.198758447016152,455478833571.6452,7.623615378217052,5.82292117283743,747346489988.5391,5.349077066607566,10.755055275882972,572383138608.2253,-10.207659079489606,8.891212011092163,1463225228947.809,4.75651293168049,26.993179934020777,759414676600.0,3.3335116167080736,9.384635258355942,111104207463.192,12.368593920381986,,,,24.92106282910332,1437128390988.12,-9.674263012916484,25.668861736246967,277476252498.927,4.653919514434901,17.289687298278054,316896774625.109,6.831692757677477,15.098759602427817,868270000000.0,10.643443865913294,26.003883729883732,799118634823.6987,15.685032282414756,20.616488127393495,398263285027.1998,15.056913919664305,27.379534373273874,1432761400000.0,-8.05066129194355,8.818642837369827,569912057004.838,3.2173090518099023,13.187244817355538,689947000000.0,-0.518783928944766,24.713641540152093,61541922000000.0,7.192175250423682
2025-06-30 23:59:59.999999999,10.879321932245162,2096754239303.06,10.482770140237863,21.814533688295636,557473073950.0,7.473753575463604,10.745785624379609,7255501173446.24,5.064175538984972,20.085467973826706,477457102293.31,5.804350173981532,13.664844155325856,500499550338.4295,17.985351116133508,6.010615097375454,824215811483.7852,16.65273183882814,12.271788965163735,569046639106.3951,-1.175509903131422,8.375811993551485,1494294916297.188,4.911369622561668,25.773652932561852,781788053200.0,6.188148241215785,9.630151481674577,119911926981.4157,18.340637852116416,,,,24.09731888101621,1534949585749.15,3.8909290526328633,27.240665567358533,284180186115.439,6.705666262090881,17.549713030127343,325996757676.242,12.095813010571055,15.21408949651581,942830000000.0,20.061072823866798,26.299485798232542,815095842056.312,16.693133607740897,20.292132745391882,422887866337.2008,13.265478393696672,26.07401355498794,1651392100000.0,6.086397293467005,8.315276182209743,596513440000.0,9.569026847369045,12.3898766390122,701032000000.0,-3.678065844921896,23.46077447519811,65716036000000.0,11.785958142717035
2025-09-30 23:59:59.999999999,11.074689872342528,2200969903658.13,10.738897886920151,22.423490780630335,569109952810.0,6.02535662249335,9.545482503729037,7459685861602.55,4.323099054084034,21.006827147396386,492838102399.622,8.148111774984645,14.014872110145252,523126646403.2421,15.97096551599999,6.131453452291943,835500613330.9355,12.821141649808032,13.632153558709664,541566322649.5867,-9.373734279715096,8.587548511422074,1464152580447.832,-0.9111468150280855,24.070661065834127,803946741100.0,2.123515214007332,9.335861702384166,121121815258.3246,21.975826630003994,,,,24.740931655325895,1575859666728.89,10.111918581761948,26.628664771484868,290734356701.612,7.780240951697404,18.445824438257876,322080692666.172,1.2170608124905113,15.79569352758417,944346000000.0,13.43604503106337,27.862685422463912,855994781070.8267,17.814266532868793,19.627098435885177,461005787969.9998,11.294591894289452,24.664124437967764,1741359200000.0,12.149789361608399,7.878721920437852,638419410000.0,2.6309134879024754,13.528321705903764,722573000000.0,4.8634300881924775,22.93903485210713,68885505000000.0,11.066092200320131
2025-12-31 23:59:59.999999999,,,,,,,,,,21.88130073206187,508409068141.948,10.833942748801206,,,,,,,,,,,,,,,,,,,,,,,,,,,,,,,,,,,,,,,,22.576938752657913,1970954100000.0,39.73203012043325,,,,,,,,,
